id,Lng,Lat
516,106.73412814000001,-6.557376359999999
517,106.73423954,-6.557365900000001
518,106.73413472,-6.557367340000001
519,106.73413873999998,-6.557365800000001
520,106.73414825999998,-6.557302040000001
521,106.7341412,-6.55728824
522,106.73415234,-6.557280800000001
523,106.73412476000001,-6.55727498
524,106.73413124000001,-6.557277880000001
525,106.73412607999998,-6.55738126
526,106.73413242,-6.55738326
527,106.73416012,-6.55737422
528,106.7342198,-6.5573763
529,106.73419824,-6.55737422
530,106.73419794000002,-6.557229360000001
531,106.73420322,-6.55722236
532,106.73420461999999,-6.557188479999999
533,106.73420529999999,-6.55719334
534,106.73420128000001,-6.557189339999999
535,106.73420443999998,-6.557171339999999
536,106.73422277999998,-6.55716034
537,106.73421891999999,-6.55715784
538,106.73421936,-6.557153299999999
539,106.73420483999999,-6.557177159999999
540,106.73420242000002,-6.557193380000001
541,106.73421784,-6.557198619999999
542,106.73421588000001,-6.557176440000001
543,106.73421799999998,-6.557179219999999
544,106.73421784,-6.55718792
545,106.73421784,-6.5571978600000005
546,106.73422513999999,-6.557185
547,106.73420976000003,-6.557069360000002
548,106.73420976000003,-6.5570596199999995
549,106.7341884,-6.55719328
550,106.7341884,-6.55720934
551,106.73417368,-6.55725376
552,106.73419535999999,-6.55711714
553,106.73418334,-6.5571462
554,106.73420189999999,-6.557109679999999
555,106.73419787999998,-6.557062419999999
556,106.7341985,-6.5570997
557,106.73418885999999,-6.5571245199999995
558,106.73419607999999,-6.55714526
559,106.73416978,-6.55713466
560,106.73417436,-6.55727636
561,106.73416516,-6.5572690399999995
562,106.73418788,-6.5572202200000005
563,106.73418818,-6.557217800000001
564,106.7341946,-6.55724438
565,106.7341873,-6.55727286
566,106.73419833999999,-6.557269239999999
567,106.73419787999998,-6.557205700000002
568,106.73419912,-6.55719452
569,106.73420325999999,-6.557182999999999
570,106.73421685999999,-6.55716686
571,106.73420592,-6.55707982
572,106.73421400000002,-6.557113939999999
573,106.73421400000002,-6.557076820000001
574,106.73421622000001,-6.557161580000001
575,106.73422278000001,-6.55715904
576,106.7342118,-6.55715052
577,106.73420748000001,-6.557183140000001
578,106.73421658,-6.55715536
579,106.73421800000001,-6.557169
580,106.73421886000001,-6.557164439999999
581,106.73423041999999,-6.557158820000001
582,106.73422944000001,-6.55715546
583,106.73422432,-6.557158079999999
584,106.73422952000001,-6.557107239999999
585,106.73421981999999,-6.55710592
586,106.73422367999999,-6.5571038
587,106.73422516000001,-6.55709748
588,106.73422676,-6.55709712
589,106.73423089999999,-6.55709524
590,106.73422078000002,-6.55709396
591,106.73422827999998,-6.55710996
592,106.73422232,-6.55711436
593,106.73422540000001,-6.5571095999999995
594,106.73422482000001,-6.557099920000001
595,106.73422482000001,-6.557102179999999
596,106.73421974,-6.55710584
597,106.73422162000001,-6.55710584
598,106.73422702,-6.557103479999999
599,106.73422897999998,-6.557099920000001
600,106.73422638,-6.55709676
601,106.73422164000002,-6.557101560000001
602,106.73422289999999,-6.55709536
603,106.73422458,-6.55710532
604,106.73422687999998,-6.55709748
605,106.73422024000001,-6.55709882
606,106.73422418,-6.557103360000001
607,106.73422687999998,-6.55710844
608,106.73421964000002,-6.55710844
609,106.73421612,-6.55710592
610,106.73421321999999,-6.55710844
611,106.73421312,-6.5571028600000005
612,106.73421321999999,-6.5571028600000005
613,106.73421252,-6.55710592
614,106.7342089,-6.5571026
615,106.73419750000001,-6.557108739999999
616,106.73420824,-6.5571038
617,106.73415433999999,-6.5571095999999995
618,106.73414756,-6.55710844
619,106.73414756,-6.556952879999999
620,106.73409904,-6.556967239999999
621,106.73409274000001,-6.55696832
622,106.73409354,-6.556962099999998
623,106.73407707999999,-6.556962099999998
624,106.73407932,-6.556962099999998
625,106.73408428,-6.55696126
626,106.73408108000001,-6.556967060000001
627,106.73407081999999,-6.556967060000001
628,106.73407081999999,-6.556976260000001
629,106.73407081999999,-6.55697544
630,106.73406851999998,-6.556980580000001
631,106.73406657999999,-6.556969079999999
632,106.73406657999999,-6.55711708
633,106.73406127999999,-6.55710852
634,106.73402779999999,-6.5571044
635,106.73402744,-6.55696084
636,106.73402738,-6.55697198
637,106.73402748000001,-6.55698342
638,106.73402753999999,-6.556982360000001
639,106.73402740000002,-6.55697418
640,106.73402788000001,-6.556978340000001
641,106.73402752000001,-6.556979120000001
642,106.7340278,-6.556980440000001
643,106.73402778000002,-6.556993
644,106.73402774000002,-6.5570217600000005
645,106.73406778,-6.55714478
646,106.73408846,-6.557163659999999
647,106.73410436000002,-6.557144600000001
648,106.73411498,-6.5571437
649,106.73411003999999,-6.557144439999999
650,106.73409654,-6.55714376
651,106.73406922000001,-6.557144439999999
652,106.73406922,-6.557144599999999
653,106.73406922,-6.55714564
654,106.73402908,-6.5571506799999995
655,106.73405638,-6.55712882
656,106.73405462000001,-6.5571404200000005
657,106.73404659999999,-6.5571404200000005
658,106.73405016,-6.55715058
659,106.73402705999999,-6.557133899999999
660,106.7340277,-6.557155679999999
661,106.73402960000001,-6.55715616
662,106.7340283,-6.55717038
663,106.73402982,-6.55716732
664,106.73401101999998,-6.55717836
665,106.7340302,-6.55715996
666,106.73402388,-6.5571547
667,106.73399278000002,-6.5571569400000005
668,106.73399253999999,-6.557172420000001
669,106.73402268,-6.5571488800000015
670,106.73404244000001,-6.5571566599999995
671,106.73402848,-6.55715126
672,106.73402502000002,-6.55718026
673,106.73399254,-6.55716372
674,106.73398755999999,-6.55716732
675,106.73397472000002,-6.557167300000001
676,106.73398669999999,-6.55715624
677,106.73400096,-6.5571581000000005
678,106.73397485999999,-6.557155479999999
679,106.73396843999998,-6.557166699999999
680,106.7339731,-6.55717694
681,106.73396075999999,-6.5571794400000005
682,106.7339835,-6.5571566599999995
683,106.7339774,-6.557153560000001
684,106.73397486000002,-6.55715526
685,106.73399653999999,-6.55716422
686,106.73400096,-6.557175859999999
687,106.73394843999999,-6.55718904
688,106.73393334,-6.55718334
689,106.73395411999999,-6.5571614799999995
690,106.73395796,-6.557175720000001
691,106.73394017999999,-6.557172080000001
692,106.73394474,-6.557182619999999
693,106.73392898,-6.557180039999999
694,106.73396024000002,-6.55717264
695,106.73394843999999,-6.55718334
696,106.73398488000001,-6.557186200000001
697,106.73397212,-6.55718004
698,106.73396361999998,-6.55718792
699,106.73396304,-6.557178640000001
700,106.73397132,-6.557180939999999
701,106.73397398,-6.55718904
702,106.73402798,-6.55719148
703,106.73404857999999,-6.55718398
704,106.73401526,-6.55717514
705,106.73392804,-6.55703518
706,106.73394702,-6.557004599999999
707,106.73394702,-6.5569998599999995
708,106.73394702,-6.556973080000001
709,106.73395456,-6.556972
710,106.73394716,-6.55695724
711,106.73394716,-6.5569643
712,106.73394702,-6.55697544
713,106.73401398000001,-6.55715586
714,106.73401525999998,-6.557180559999999
715,106.7339925,-6.55718054
716,106.73398344,-6.55717932
717,106.73397710000002,-6.557182800000001
718,106.73396266,-6.55715616
719,106.73395022,-6.55719546
720,106.73396218,-6.55718066
721,106.73395904000002,-6.5572052
722,106.73397166,-6.55720562
723,106.73396017999998,-6.55717992
724,106.73396252,-6.557162360000001
725,106.73392385999998,-6.557155400000001
726,106.73395461999999,-6.557148960000001
727,106.73404022,-6.55702146
728,106.73402123999999,-6.55714866
729,106.73402598,-6.557105099999999
730,106.73403442000001,-6.55711708
731,106.73404311999998,-6.5571027399999995
732,106.73405648,-6.55707646
733,106.73405088,-6.557088359999999
734,106.73404381999998,-6.557079139999999
735,106.73406728,-6.5570209
736,106.73409713999999,-6.557074500000001
737,106.73405366,-6.55707422
738,106.73405868,-6.55714508
739,106.73408834000001,-6.5570521600000005
740,106.73407377999999,-6.55710858
741,106.73404638,-6.55711044
742,106.73402701999998,-6.557102980000002
743,106.73399915999998,-6.55713456
744,106.7339638,-6.55713886
745,106.73396642,-6.557141679999999
746,106.73409392,-6.55713804
747,106.73399828000001,-6.5571294600000005
748,106.73408984,-6.557060560000001
749,106.73406451999999,-6.5571316600000005
750,106.73418136000001,-6.5571483
751,106.73405418,-6.55718458
752,106.73398308,-6.55718398
753,106.73399674,-6.55712996
754,106.73400166000002,-6.5571898200000005
755,106.73399536,-6.557135400000002
756,106.7339905,-6.55713904
757,106.73399788000002,-6.55713508
758,106.73399596000002,-6.557128420000001
759,106.73400595999999,-6.557132780000001
760,106.73400242,-6.557136760000001
761,106.73399792000001,-6.55712802
762,106.7340058,-6.5571269999999995
763,106.73400016000001,-6.557136760000001
764,106.73398918000001,-6.557133800000001
765,106.73399643999998,-6.55716062
766,106.73400120000001,-6.557160400000001
767,106.73399524000001,-6.557163439999999
768,106.73398849999998,-6.55715896
769,106.73399524000001,-6.55715778
770,106.73399500000001,-6.557159139999999
771,106.73400120000001,-6.5571664200000015
772,106.73400646,-6.55715856
773,106.7339905,-6.557168960000001
774,106.73399320000001,-6.557162380000001
775,106.73399443999999,-6.557182499999999
776,106.73400836,-6.557170940000001
777,106.73399218,-6.557171860000001
778,106.73398413999999,-6.55710584
779,106.73398705999998,-6.557111719999999
780,106.73400466000001,-6.557183099999999
781,106.7340022,-6.557167480000001
782,106.73400516000001,-6.5571634
783,106.73399348000001,-6.55716128
784,106.73399528,-6.5571597
785,106.73399812,-6.557170719999999
786,106.73399528,-6.5571687
787,106.73400334,-6.55718792
788,106.73397866,-6.557189339999999
789,106.73397958000001,-6.557184419999999
790,106.73398326000002,-6.557189000000001
791,106.73400466000001,-6.5571978600000005
792,106.73400122000002,-6.55719798
793,106.73400466000001,-6.55718792
794,106.73400454,-6.55718064
795,106.73400334,-6.55717416
796,106.73400454,-6.557182760000001
797,106.73401292000001,-6.5571751
798,106.73400334,-6.55717754
799,106.73400466000001,-6.557178780000001
800,106.73400316,-6.55718816
801,106.73400316,-6.55718344
802,106.73399987999998,-6.55717106
803,106.73400316,-6.557179379999999
804,106.73399987999998,-6.557190319999999
805,106.73400316,-6.557186379999999
806,106.73400016000001,-6.55718034
807,106.73400443999999,-6.557189360000001
808,106.73400227999998,-6.5571871
809,106.73400282,-6.557176200000001
810,106.73400331999999,-6.5571776
811,106.73398081999999,-6.55718172
812,106.73400597999998,-6.55718498
813,106.7340066,-6.55719206
814,106.73400351999999,-6.557187400000001
815,106.73400140000001,-6.55718632
816,106.73399735999999,-6.557192760000001
817,106.73399583999999,-6.557179619999999
818,106.733984,-6.55719454
819,106.73400352000002,-6.5571816400000005
820,106.73399692000001,-6.55720412
1550,106.73423281999999,-6.5569158000000005
1551,106.73423842,-6.55691664
1552,106.73422837999999,-6.556915860000001
1553,106.73423348000001,-6.5569156400000015
1554,106.73423202,-6.556914979999999
1555,106.7342361,-6.556914399999999
1556,106.7342293,-6.5569062
1557,106.73423488,-6.55691676
1558,106.73421799999998,-6.55698986
1559,106.73415654,-6.556995500000001
1560,106.73419896,-6.5569986799999995
1561,106.73420558000001,-6.557003900000001
1562,106.73421794000001,-6.55695804
1563,106.73420914000003,-6.55699946
1564,106.7342179,-6.5570026
1565,106.73420270000001,-6.55699582
1566,106.73419748,-6.55701958
1567,106.73420002,-6.557012180000001
1568,106.73419748,-6.556999819999999
1569,106.73418802,-6.556995859999999
1570,106.73417518000001,-6.55700424
1571,106.73408406000001,-6.5570065799999995
1572,106.73408406000001,-6.557013760000001
1573,106.73408406000001,-6.55701002
1574,106.73408406000001,-6.557009400000001
1575,106.73408406000001,-6.55701102
1576,106.73408406000001,-6.55701228
1577,106.73408406000001,-6.55701102
1578,106.73408406000001,-6.55701334
1579,106.73408406000001,-6.5570056800000005
1580,106.73408406000001,-6.55700724
1581,106.73408406000001,-6.55700844
1582,106.73408406000001,-6.55700724
1583,106.73408406000001,-6.55700724
1584,106.73415582,-6.55700844
1585,106.73415582,-6.55701818
1586,106.73417518000001,-6.557018019999999
1587,106.73418001999998,-6.557009320000001
1588,106.73418001999998,-6.55700478
1589,106.73417232,-6.55701392
1590,106.73418002000001,-6.55700478
1591,106.73418802,-6.557005940000001
1592,106.7341843,-6.557008260000001
1593,106.73418002000001,-6.5570056800000005
1594,106.73419748,-6.5570094
1595,106.73419748,-6.5570195799999995
1596,106.73408406000001,-6.5570118399999995
1597,106.73408406000001,-6.557011019999999
1598,106.73408406000001,-6.55699708
1599,106.73408406000001,-6.557008860000001
1600,106.73408406000001,-6.5570063
1601,106.73408974000002,-6.55701426
1602,106.73409423999999,-6.5570094
1603,106.73408418000001,-6.55700844
1604,106.73409853999999,-6.5570063
1605,106.73409944,-6.55703198
1606,106.73409338000002,-6.5570317199999995
1607,106.73408914000001,-6.557025059999999
1608,106.73409538000001,-6.5570286
1609,106.73408896000001,-6.55703048
1610,106.73409072,-6.557025059999999
1611,106.7341523,-6.5570286
1612,106.73416570000002,-6.55702636
1613,106.73416232,-6.557023200000001
1614,106.73416649999999,-6.5570609399999995
1615,106.7341523,-6.55703784
1616,106.73408594,-6.557064000000001
1617,106.73406986,-6.557058039999999
1618,106.7340819,-6.557062620000001
1619,106.73409306,-6.55704628
1620,106.73409590000001,-6.557046279999999
1621,106.73412682,-6.557037659999999
1622,106.73417558000001,-6.55700802
1623,106.73420725999999,-6.557039039999999
1624,106.73423076000002,-6.5569738
1625,106.73423542,-6.55694336
1626,106.73423439999999,-6.556943419999999
1627,106.73423864000002,-6.55693464
1628,106.73423721999998,-6.55693294
1629,106.73424025999998,-6.55694178
1630,106.73423676,-6.55693962
1631,106.73422332,-6.55693074
1632,106.73421572,-6.556946999999999
1633,106.73422406,-6.556946579999999
1634,106.73421572,-6.55692566
1635,106.73422352,-6.556921439999999
1636,106.73422334,-6.55691696
1637,106.73422334,-6.55692208
1638,106.73422392,-6.556918739999999
1639,106.73422392,-6.55691468
1640,106.73417617999999,-6.55691584
1641,106.73417285999999,-6.556916800000001
1642,106.73415055999999,-6.55694556
1643,106.73411856,-6.5569516199999995
1644,106.73407095999998,-6.55693924
1645,106.73407124,-6.556978340000001
1646,106.73397254000001,-6.556983700000001
1647,106.73397092,-6.556982700000001
1648,106.73397295999999,-6.55698514
1649,106.73397295999999,-6.556981580000001
1650,106.73403374000002,-6.556972
1651,106.73403163999998,-6.556976260000001
1652,106.73403379999999,-6.55696526
1653,106.73402742,-6.55695724
1654,106.73402742,-6.55699484
1655,106.73397030000001,-6.5570801
1656,106.73397030000001,-6.5572105600000015
1657,106.73395572,-6.55722342
1658,106.73392823999998,-6.557251859999999
1659,106.73392421999998,-6.557248799999999
1660,106.73392823999998,-6.55724238
1661,106.73395223999998,-6.55723388
1662,106.73396218,-6.55724412
1663,106.73395656,-6.557243960000001
1664,106.73396525999999,-6.557251859999999
1665,106.73396704,-6.55724874
1666,106.73396704,-6.55724878
1667,106.73396704,-6.5572518
1668,106.73396399999999,-6.5572247400000006
1669,106.73396195999999,-6.5572367
1670,106.73396218,-6.55722474
1671,106.73396319999999,-6.55722818
1672,106.73395782,-6.557239839999999
1673,106.73395655999998,-6.5572424
1674,106.73396399999999,-6.55723478
1675,106.733955,-6.557235060000001
1676,106.73395782,-6.55723706
1677,106.73395655999998,-6.557233459999999
1678,106.73395882,-6.55723152
1679,106.73396141999999,-6.557236639999999
1680,106.73395882,-6.557250260000001
1681,106.73396218,-6.55723988
1682,106.73396141999999,-6.55723954
1683,106.73395508000002,-6.557229799999999
1684,106.73395430000001,-6.557242480000001
1685,106.73395716,-6.55724204
1686,106.73395378000001,-6.5572420000000005
1687,106.73396525999999,-6.557251780000001
1688,106.73395378000001,-6.557242479999999
1689,106.73395430000001,-6.557227419999999
1690,106.73395716,-6.55722932
1691,106.73395716,-6.55722624
1692,106.73395874,-6.55724424
1693,106.73395378000001,-6.557237860000001
1694,106.73395932000001,-6.5572517600000015
1695,106.73395716,-6.5572424400000004
1696,106.73396525999999,-6.55724604
1697,106.73396152000001,-6.557239060000001
1698,106.73396525999999,-6.557251859999999
1699,106.73396166000002,-6.557251720000001
1700,106.73396166,-6.5572518
1701,106.73395625999999,-6.557252
1702,106.73395932000001,-6.557251840000001
1703,106.73395826000001,-6.557239060000001
1704,106.73395806,-6.557251980000001
1705,106.73396294,-6.557251540000001
1706,106.73396102000001,-6.5572506399999995
1707,106.7339635,-6.55725376
1708,106.73395836,-6.557261640000002
1709,106.73395806,-6.55724788
1710,106.73395932000001,-6.557261640000002
1711,106.73396346,-6.55725376
1712,106.73395768,-6.55725376
1713,106.73396102,-6.55725376
1714,106.73395620000001,-6.55725376
1715,106.73396188,-6.55724788
1716,106.73396075999999,-6.557256720000001
1717,106.73395806,-6.5572563200000005
1718,106.73396275999998,-6.557258980000002
1719,106.7339552,-6.55725582
1720,106.73394884,-6.5572558
1721,106.7339532,-6.55725582
1722,106.73395362000001,-6.557258980000002
1723,106.73394555999998,-6.5572572000000005
1724,106.73395561999999,-6.5572529
1725,106.73395711999999,-6.55724598
1726,106.73395711999999,-6.55725568
1727,106.73395272,-6.55725548
1728,106.73395272,-6.557258840000001
1729,106.73396408,-6.5572558
1730,106.73395562,-6.5572563200000005
1731,106.73394121999999,-6.5572647
1732,106.73394121999999,-6.55726542
1733,106.73394121999999,-6.5572636200000005
1734,106.73394884,-6.55725848
1735,106.73394884,-6.5572621600000005
1736,106.73394682,-6.557263799999999
1737,106.73395562,-6.5572636200000005
1738,106.73395561999999,-6.557263799999999
1739,106.73396518,-6.557263799999999
1740,106.73396216,-6.557258479999999
1741,106.73395561999999,-6.55726166
1742,106.73395716,-6.557251819999999
1743,106.73394792000002,-6.5572581
1744,106.73395724,-6.5573227
1745,106.73396066000001,-6.55725764
1746,106.73395309999998,-6.55724432
1747,106.73395309999998,-6.557248079999999
1748,106.73396114000002,-6.557256320000002
1749,106.73394939999999,-6.557246359999999
1750,106.73394939999999,-6.5572572000000005
1751,106.73395711999999,-6.557254680000002
1752,106.73395711999999,-6.557259700000001
2172,106.73412825999999,-6.55744146
2173,106.73415542000001,-6.557443220000001
2174,106.73415193999999,-6.55744492
2175,106.73416223999997,-6.557452839999999
2176,106.73418310000002,-6.5574395800000005
2177,106.73417128000001,-6.5574411800000005
2178,106.73417308,-6.55743794
2179,106.7342024,-6.5574395800000005
2180,106.7342113,-6.5574395800000005
2181,106.73421472,-6.557440699999999
2182,106.73421551999999,-6.557444939999999
2183,106.73423436,-6.5574538
2184,106.7342356,-6.557452840000001
2185,106.7342336,-6.5574528
2186,106.73423453999999,-6.5574528
2187,106.7342336,-6.5574522
2188,106.73422869999999,-6.55745282
2189,106.73422731999999,-6.55745282
2190,106.73423604,-6.557453620000001
2191,106.73423974000002,-6.55745142
2192,106.73424024,-6.557452039999999
2193,106.73424078000001,-6.557452979999999
2194,106.73423872000001,-6.557454099999999
2195,106.73424078000001,-6.557452539999998
2196,106.73424036000002,-6.5574528
2197,106.73424078000001,-6.557452979999999
2198,106.73424078000001,-6.5574536199999995
2199,106.73423926000001,-6.557455559999999
2200,106.73423762,-6.5574547800000005
2201,106.73424064000001,-6.5574461
2202,106.73424044000001,-6.557445540000001
2203,106.73424021999999,-6.557446140000001
2204,106.73424064000001,-6.5574457
2205,106.73424064000001,-6.557453100000001
2206,106.73424173999999,-6.557451779999999
2207,106.73424180000002,-6.5574516
2208,106.73423929999998,-6.55744854
2209,106.73423490000002,-6.55740946
2210,106.73423804,-6.5573728000000004
2211,106.73423894,-6.557259700000001
2212,106.73421699999999,-6.55722844
2213,106.73423418,-6.5572268
2214,106.73423152000001,-6.55720476
2215,106.73423782,-6.5572153
2216,106.73423478,-6.557248659999999
2217,106.73423426,-6.55724504
2218,106.73423646,-6.55730624
2219,106.73423554000001,-6.557317160000001
2220,106.73423554000001,-6.557317159999999
2221,106.73423264,-6.557327959999999
2222,106.73423480000001,-6.55732658
2223,106.7342267,-6.557317159999999
2224,106.73423442,-6.55733856
2225,106.73423820000001,-6.55732796
2226,106.73423354000002,-6.557316180000001
2227,106.73423444,-6.55728512
2228,106.73421565999999,-6.557298060000001
2229,106.73419171999998,-6.5572953
2230,106.73419177999999,-6.55730624
2231,106.73418991999999,-6.5572953
2232,106.7342098,-6.55727778
2233,106.73421612000001,-6.55730624
2234,106.73420446,-6.557317160000001
2235,106.7342113,-6.55726286
2236,106.73421254,-6.557254040000001
2237,106.73420509999998,-6.5572953
2238,106.73420481999999,-6.55724424
2239,106.73421204000002,-6.557244219999999
2240,106.73420439999998,-6.55724386
2241,106.73420483999999,-6.5572146
2242,106.73421672000002,-6.557224
2243,106.73421311999998,-6.5572360000000005
2244,106.73421902,-6.55714906
2245,106.73422214,-6.55713542
2246,106.73423562,-6.55713594
2247,106.73423184,-6.55709034
2248,106.73423168,-6.55709406
2249,106.73422356,-6.557090339999999
2250,106.73424026,-6.557112259999999
2251,106.73422367999999,-6.5570775
2252,106.73423054000003,-6.557090339999999
2253,106.73422238,-6.5570670200000025
2254,106.73421618,-6.55716732
2255,106.73421838000002,-6.5571645599999995
2256,106.73422633999999,-6.55720064
2257,106.7342337,-6.55720996
2258,106.73423063999999,-6.5572102
2259,106.73423085999998,-6.55720854
2260,106.73423278,-6.55720596
2261,106.73423319999999,-6.5571819200000006
2262,106.73423188,-6.55718066
2263,106.73423439999999,-6.557183760000001
2264,106.7342361,-6.557179819999999
2265,106.7342339,-6.557175920000001
2266,106.73423714,-6.557159800000001
2267,106.73424264,-6.55704968
2268,106.73424265999999,-6.557038799999999
2269,106.73424212,-6.557036340000001
2270,106.73424374000001,-6.557036339999999
2271,106.73424082,-6.557026199999998
2272,106.73423600000001,-6.5570172200000005
2273,106.73424186,-6.55699918
2274,106.73423267999999,-6.556968079999999
2275,106.73423679999999,-6.557070379999999
2276,106.73423653999998,-6.557070379999999
2277,106.73423318,-6.557070379999999
2278,106.73421584,-6.557072439999999
2279,106.7342133,-6.557072439999999
2280,106.7341944,-6.557072439999999
2281,106.7342044,-6.556964379999999
2282,106.73422586000001,-6.5569597
2283,106.73422540000001,-6.5569416
2284,106.73421848000001,-6.556951219999999
2285,106.73422592,-6.556945860000001
2286,106.73422534000001,-6.556931219999998
2287,106.73422078000002,-6.556929340000001
2288,106.73422744,-6.556933939999999
2289,106.73422409999998,-6.556933120000001
2290,106.73422704,-6.55693722
2291,106.73422558,-6.55693722
2292,106.73422506000001,-6.5569310000000005
2293,106.73422685999999,-6.556929819999999
2294,106.73422886,-6.5569261
2295,106.73422564,-6.556919140000001
2296,106.73422564,-6.556919140000001
2297,106.73422273999999,-6.556920740000001
2298,106.73422329999998,-6.55693162
2299,106.73422474000002,-6.556936899999999
2300,106.73421050000002,-6.55693414
2301,106.7342167,-6.55692978
2302,106.7342167,-6.556930999999999
2303,106.73421014,-6.556936899999999
2304,106.73420906000001,-6.556928879999999
2305,106.73421406000003,-6.556929480000001
2306,106.73420987999998,-6.556929820000001
2307,106.73421567999999,-6.55691968
2308,106.73421050000002,-6.5569526
2309,106.73421406000003,-6.556953179999999
2310,106.73422653999998,-6.55692418
2311,106.73421678,-6.556952959999999
2312,106.73420478,-6.556953680000001
2313,106.73420609999998,-6.5569206399999995
2314,106.73420326,-6.556940760000001
2315,106.73420838,-6.556936580000001
2316,106.73421972000001,-6.556928880000001
2317,106.73419104,-6.55693902
2318,106.73419872,-6.556939539999999
2319,106.73418978,-6.556935040000001
2320,106.73418826000002,-6.55693122
2321,106.73418370000002,-6.556931600000001
2322,106.73418355999999,-6.55693014
2323,106.73420322,-6.556931739999999
2324,106.73420322,-6.55693938
2325,106.73419924,-6.55693364
2326,106.73419924,-6.55691816
2327,106.73419721999998,-6.556924160000001
2328,106.73419924,-6.556919580000001
2329,106.73419484000001,-6.55693088
2330,106.73419924000002,-6.5569311400000005
2331,106.73420102,-6.5569311400000005
2332,106.73421813999998,-6.556924820000001
2333,106.73419998,-6.55690588
2334,106.73420454,-6.556919000000001
2335,106.73419956000001,-6.55696114
2336,106.73418208000001,-6.55696938
2337,106.73419099999998,-6.55696454
2338,106.73417171999999,-6.556971160000001
2339,106.73418136000001,-6.556977800000001
2340,106.73417766,-6.55698218
2341,106.73417552000001,-6.55696224
2342,106.7341523,-6.55696556
2343,106.73416080000001,-6.5569823
2344,106.73415582,-6.55698646
2345,106.73415582,-6.5569843599999995
2346,106.73416080000001,-6.556982839999999
2347,106.73416446000002,-6.556986420000001
2348,106.73416898,-6.556985159999999
2349,106.73416897999998,-6.55697988
2350,106.73416897999998,-6.55697988
2351,106.73416898,-6.55698392
2352,106.73416446000002,-6.55698668
2353,106.73415582,-6.556983919999999
2354,106.73416198,-6.556985159999999
2355,106.73415582,-6.556985159999999
2356,106.73415582,-6.55698634
2357,106.73415582,-6.556985159999999
2358,106.73415582,-6.556985160000001
2359,106.73415582,-6.556995039999999
2360,106.7341477,-6.55699104
2361,106.7341477,-6.557025439999999
2362,106.73415582,-6.55702378
2363,106.73413095999999,-6.557025379999999
2364,106.73408406000001,-6.55702378
2365,106.73408406000001,-6.55702914
2366,106.73408406000001,-6.55702914
2367,106.73408406000001,-6.55703192
2368,106.73408406000001,-6.55702182
2369,106.73408406000001,-6.55703286
2370,106.73408406000001,-6.5570324200000005
2371,106.73408406000001,-6.557034419999999
2372,106.73408406000001,-6.55703286
2373,106.73408392000002,-6.5570265800000005
2374,106.73408398000001,-6.557037659999999
2375,106.73408391999999,-6.557038799999999
2376,106.7340839,-6.557033
2377,106.73408394,-6.557039759999999
2378,106.7340839,-6.557038799999999
2379,106.7340839,-6.557038799999999
2380,106.73408391999999,-6.557038799999999
2381,106.73408058,-6.55703842
2382,106.73408400000001,-6.557043500000001
2383,106.73408394,-6.557043500000001
2384,106.73408429999999,-6.5570507000000005
2385,106.73408393999998,-6.55705032
2386,106.73408404,-6.5570507000000005
2387,106.73403877999999,-6.5570542000000005
2388,106.73402694,-6.5570493
2389,106.73402268000002,-6.557052260000001
2390,106.73403878000002,-6.5570523
2391,106.73404842,-6.557053060000001
2392,106.73408108000001,-6.55703048
2393,106.73406012000001,-6.55705586
2394,106.73405968,-6.55704666
2395,106.73405054,-6.55704062
2396,106.73404342,-6.557045059999998
2397,106.73403137999999,-6.55705244
2398,106.73404540000001,-6.557054340000002
2399,106.73406572000002,-6.5570585800000005
2400,106.73407614,-6.557056
2401,106.7340974,-6.55703084
2402,106.73410446,-6.55696696
2403,106.73407988,-6.5569500199999995
2404,106.73409108000001,-6.557109219999999
2405,106.73410220000001,-6.55711108
2406,106.7340974,-6.55714696
2407,106.73410759999999,-6.5571324
2408,106.73412039999998,-6.55713042
2409,106.73412607999998,-6.55713042
2410,106.73412330000001,-6.557129999999999
2411,106.73412304000001,-6.557123020000001
2412,106.73412330000001,-6.557129179999999
2413,106.73410248,-6.557129999999999
2414,106.73410224,-6.557129999999999
2415,106.73410752,-6.55714696
2416,106.73408966,-6.5571484600000005
2417,106.7340983,-6.55714474
2418,106.73409952,-6.55714234
2419,106.73404983999998,-6.5571356199999995
2420,106.73402963999999,-6.557144740000001
2421,106.7340222,-6.5571566599999995
2422,106.73398132,-6.557179819999999
2423,106.73396264,-6.557182959999999
2424,106.73396471999999,-6.557173280000001
2425,106.73396168,-6.5571934800000005
2426,106.7339608,-6.55720548
2427,106.73396408,-6.5572197
2428,106.73395039999998,-6.557190320000001
2429,106.7339494,-6.5571956600000005
2430,106.73396874,-6.557185480000001
2431,106.73397558000002,-6.557182620000001
2432,106.73398087999999,-6.55718502
2433,106.73398563999999,-6.557185480000001
2434,106.73398015999999,-6.5571915
2435,106.73396318,-6.557191019999999
2436,106.7339614,-6.55721384
2437,106.73392954,-6.557213679999999
2438,106.73392496000001,-6.55721392
2439,106.73391682000002,-6.55721386
2440,106.73393089999999,-6.55718936
2441,106.73393333999998,-6.55718842
2442,106.73393225999999,-6.55721392
2443,106.73393288,-6.55721286
2444,106.73393334,-6.5572096
2445,106.73393474,-6.55721444
2446,106.73393536,-6.557213039999999
2447,106.73393403999998,-6.5572096
2448,106.73393466,-6.5572096
2449,106.73393138000002,-6.557217179999999
2450,106.73393433999999,-6.557217800000001
2451,106.73393464,-6.557217799999999
2452,106.73393328,-6.5572159
2453,106.73393466,-6.55721556
2454,106.73393466,-6.557217179999999
2455,106.73393533999999,-6.5572145399999995
2456,106.7339354,-6.557215339999999
2457,106.73393433999999,-6.55721988
2458,106.73393464,-6.557213440000001
2459,106.73393533999999,-6.55721326
2460,106.7339354,-6.55721042
2461,106.73393443999998,-6.557216340000001
2462,106.73393533999999,-6.5572096
2463,106.73393519999999,-6.557209560000001
2464,106.73393408,-6.557210699999999
2465,106.73393648000001,-6.557215339999999
2466,106.73393519999999,-6.557215699999999
2467,106.73393512,-6.5572140600000015
2468,106.73393414000002,-6.5572145399999995
2469,106.73393464,-6.55721988
2470,106.73393136,-6.55721472
2471,106.73393042000001,-6.55721054
2472,106.73393452,-6.5572104
2473,106.73393098,-6.5572125
2474,106.73393182,-6.55721676
2475,106.73393435999999,-6.557214479999999
2476,106.73393436,-6.55721542
2477,106.73393292,-6.557209500000001
2478,106.73392964,-6.5572173199999995
2479,106.73393074,-6.55721346
2480,106.73394238,-6.557214479999999
2481,106.73393076000002,-6.5572147
2482,106.73393080000001,-6.557212359999999
2483,106.73392964,-6.557214159999999
2484,106.73393098000001,-6.557215619999999
2485,106.73392626,-6.557213380000002
2486,106.73394246000001,-6.557212820000001
2487,106.73393076000002,-6.557215359999999
2488,106.73393076000002,-6.557215359999999
2489,106.73393076000002,-6.557217159999999
2490,106.73393022,-6.5572156600000016
2491,106.73393284000001,-6.557215000000001
2492,106.73393086000002,-6.557215359999999
2493,106.73393098000001,-6.557215940000001
2494,106.73393098000001,-6.557215940000001
2495,106.73392882,-6.557215359999999
2496,106.73393284000001,-6.55721542
2497,106.73393098000001,-6.557212680000001
2498,106.7339424,-6.55720874
2499,106.73392887999998,-6.55720752
2500,106.73392670000001,-6.557211659999998
2501,106.73393166000001,-6.557210979999999
2502,106.73393164,-6.5572275399999995
2503,106.73393088,-6.557219399999999
2504,106.73392982,-6.557220319999999
2505,106.73393117999998,-6.557210400000001
2506,106.73392675999999,-6.5572195
2507,106.73393001999997,-6.55721738
2508,106.7339272,-6.557214159999999
2509,106.73392624,-6.557217019999999
2510,106.7339272,-6.557214159999999
2511,106.73392676,-6.557211499999999
2512,106.73393018000002,-6.557217959999998
2513,106.73393023999999,-6.557210979999999
2514,106.73392981999999,-6.557214159999999
2515,106.7339328,-6.557211219999999
2516,106.73393023999999,-6.55721198
2517,106.7339262,-6.557217019999999
2518,106.73392670000001,-6.55721698
2519,106.73392252,-6.5572195
2520,106.73392624,-6.55721698
2521,106.7339272,-6.557215339999999
3250,106.73393449999999,-6.55721492
3251,106.73393022,-6.557213420000001
3252,106.73392848,-6.557213420000001
3253,106.7339345,-6.55721566
3254,106.73393100000001,-6.5572130799999995
3255,106.73393051999999,-6.557214499999999
3256,106.73393222,-6.557217119999999
3257,106.73393098000001,-6.557210980000001
3258,106.73393098000001,-6.55721178
3259,106.73393098000001,-6.557217019999999
3260,106.73393284,-6.557211219999999
3261,106.73393098000001,-6.557217019999999
3262,106.73393098000001,-6.557214340000002
3263,106.7339426,-6.557212300000001
3264,106.73393098000001,-6.55721384
3265,106.73394426000002,-6.557214740000001
3266,106.73394260000002,-6.5572124
3267,106.73394426,-6.557211400000002
3268,106.733927,-6.5572124
3269,106.73392706,-6.557212920000002
3270,106.73392626,-6.5572193
3271,106.73392675999999,-6.557211560000001
3272,106.73392656000001,-6.557228820000001
3273,106.7339262,-6.557216800000001
3274,106.73392626,-6.557226879999999
3275,106.73392813999999,-6.55721226
3276,106.73392814000002,-6.557198500000001
3277,106.73392421999999,-6.55720498
3278,106.73392778,-6.55719488
3279,106.73393023999999,-6.557207320000001
3280,106.73393074,-6.55720948
3281,106.73393074,-6.55721188
3282,106.73393034,-6.55720854
3283,106.73393088,-6.55721188
3284,106.73393548000001,-6.5572078000000005
3285,106.73393495999998,-6.5572079400000005
3286,106.73393403999998,-6.55721142
3287,106.73393326,-6.557219980000001
3288,106.73393326,-6.5572114
3289,106.73393080000001,-6.557202260000001
3290,106.73393080000001,-6.55721056
3291,106.73393198000001,-6.55721106
3292,106.73393398,-6.55721134
3293,106.73393144000002,-6.55721482
3294,106.73393202,-6.557211560000001
3295,106.73393292,-6.557211560000001
3296,106.73393398,-6.55721056
3297,106.73393404000001,-6.557211339999999
3298,106.73393398,-6.55720676
3299,106.73392961999998,-6.557211560000001
3817,106.73424206,-6.5570262999999995
3818,106.7342439,-6.557014620000001
3819,106.73424404,-6.55699686
3820,106.7342439,-6.55700748
3821,106.73424373999998,-6.556976400000001
3822,106.73424546000001,-6.556979000000001
3823,106.73424492,-6.5569805400000005
3824,106.73424356000001,-6.556962400000001
3825,106.73424474000001,-6.556952600000001
3826,106.7342444,-6.556926720000002
3827,106.7342439,-6.55693394
3828,106.73424416,-6.55693814
3829,106.73424471999999,-6.556916160000002
3830,106.73424546000001,-6.556922840000001
3831,106.73424221999998,-6.556915500000001
3832,106.73424280000002,-6.556921419999999
3833,106.73423894,-6.55691568
3834,106.73423964000001,-6.5569147
3835,106.73424307999998,-6.556914600000002
3836,106.73424264,-6.556915460000001
3837,106.73424208000002,-6.55692102
3838,106.73424138,-6.55692062
3839,106.73424138,-6.55692444
3840,106.73424096000001,-6.556918919999999
3841,106.73424075999999,-6.5569191
3842,106.73424281999999,-6.556922
3843,106.73424278,-6.556916220000001
3844,106.7342392,-6.55691614
3845,106.73424158,-6.556918919999999
3846,106.73424261999999,-6.55692086
3847,106.73424201999998,-6.55691858
3848,106.73423903999999,-6.55691618
3849,106.73424075999999,-6.5569142
3850,106.73423838000001,-6.5569172600000005
3851,106.73424102000001,-6.55693228
3852,106.7342412,-6.55692566
3853,106.73424058,-6.55691756
3854,106.73423834,-6.556921
3855,106.73423994,-6.556927279999999
3856,106.73423820000002,-6.5569495999999985
3857,106.73423878000001,-6.5569384799999995
3858,106.73423656000003,-6.55693376
3859,106.73424004,-6.55694388
3860,106.73423488,-6.556949319999999
3861,106.7341928,-6.55695388
3862,106.73419219999998,-6.55693314
3863,106.73415564,-6.556942879999999
3864,106.73415598,-6.55695534
3865,106.73411454000002,-6.5569579000000004
3866,106.73408562,-6.55695594
3867,106.73407872,-6.556969359999999
3868,106.73406238,-6.556973300000001
3869,106.73404692,-6.556992320000001
3870,106.73404692,-6.5569765800000015
3871,106.73404692,-6.556976659999999
3872,106.73404713999999,-6.55696356
3873,106.73406031999998,-6.556959019999999
3874,106.73406237999998,-6.556955759999999
3875,106.7340494,-6.556953680000001
3876,106.73405518,-6.55695008
3877,106.734051,-6.5569526
3878,106.73407972,-6.5569526
3879,106.73407797999998,-6.55695466
3880,106.73407241999999,-6.55698036
3881,106.73408134000002,-6.55698232
3882,106.73407954,-6.55707608
3883,106.7340602,-6.55712824
3884,106.73407152,-6.557112559999998
3885,106.73410340000001,-6.557081479999999
3886,106.73409637999998,-6.557081479999999
3887,106.73409684,-6.55709158
3888,106.73406052,-6.55711108
3889,106.73405054,-6.557133440000001
3890,106.73403316,-6.557129460000001
3891,106.73408300000001,-6.557126820000001
3892,106.73409344000001,-6.557127000000001
3893,106.73405846,-6.55713542
3894,106.73405376000001,-6.557140700000001
3895,106.73405054,-6.557141460000001
3896,106.73404659999999,-6.55713594
3897,106.73403060000001,-6.55714856
3898,106.73403458,-6.5571443799999996
3899,106.73403458,-6.557144320000001
3900,106.73404660000001,-6.55714062
3901,106.73404716000002,-6.5571323800000005
3902,106.73405016000001,-6.557154260000002
3903,106.73405016000001,-6.557154159999999
3904,106.73402512,-6.55715332
3905,106.73401528,-6.557154220000001
3906,106.73401528,-6.5571555
3907,106.73401401999999,-6.557154159999999
3908,106.73401684000001,-6.55715618
3909,106.73401240000001,-6.5571443799999996
3910,106.73401145999999,-6.557144320000001
3911,106.73401146,-6.557140940000001
3912,106.73401528,-6.557148960000001
3913,106.73402447999999,-6.55714016
3914,106.73402845999999,-6.55714942
3915,106.73402924000001,-6.557146060000001
3916,106.73404244000001,-6.55714866
3917,106.73403878000002,-6.557148760000001
3918,106.73400980000001,-6.557147660000001
3919,106.73399653999999,-6.557148760000001
3920,106.73400096,-6.557148960000001
3921,106.73399253999999,-6.557143860000001
3922,106.73398328,-6.5571555
3923,106.73398672,-6.55715962
3924,106.73398672,-6.557177879999999
3925,106.73398672,-6.557181040000001
3926,106.73399730000001,-6.557180959999999
3927,106.73399254,-6.557184879999999
3928,106.73398984,-6.55720558
3929,106.73399304,-6.557189660000001
3930,106.73398522000002,-6.557184819999999
3931,106.73398422,-6.55718646
3932,106.73397537999999,-6.557189660000001
3933,106.73397336000001,-6.55718832
3934,106.73395703999999,-6.5571855999999995
3935,106.73394088,-6.557185
3936,106.73393922,-6.557177159999999
3937,106.73393242,-6.557174559999998
3938,106.73394843999999,-6.5571676199999995
3939,106.73394082,-6.5571920200000005
3940,106.73394088,-6.5572076
3941,106.73396223999998,-6.55721286
3942,106.73394666000002,-6.557215080000001
3943,106.73394838000002,-6.557217200000001
3944,106.73394791999999,-6.55723072
3945,106.73396389999998,-6.5572360000000005
3946,106.7339317,-6.55723264
3947,106.73393104000002,-6.557226360000001
3948,106.73392385999998,-6.557109340000001
3949,106.73394816,-6.55704884
3950,106.73394716,-6.557029080000001
3951,106.73395534000001,-6.55720822
3952,106.73397648,-6.5571314
3953,106.73395461999999,-6.557137679999999
3954,106.73395461999999,-6.55713712
3955,106.73395430000001,-6.557133240000001
3956,106.73398026,-6.5571269999999995
3957,106.73394647999999,-6.55713886
3958,106.73394633999999,-6.557128799999999
3959,106.73396432,-6.557120760000001
3960,106.73396184,-6.557121480000001
3961,106.73396513999998,-6.557137680000001
3962,106.73394620000002,-6.55713712
3963,106.73396476,-6.55712676
3964,106.73392487999999,-6.557126820000001
3965,106.73392634,-6.557133240000001
3966,106.73392487999999,-6.5571294600000005
3967,106.73392914000001,-6.55711546
3968,106.73395944,-6.55715742
3969,106.73393464,-6.557158579999999
3970,106.73394255999999,-6.5571617
3971,106.73393968,-6.557160579999999
3972,106.73394004,-6.55715792
3973,106.73393960000001,-6.557147179999999
3974,106.73393289999999,-6.557013520000001
3975,106.73393164,-6.557028820000001
3976,106.73395826000001,-6.5570205999999995
3977,106.73395203999999,-6.55701068
3978,106.73396482000001,-6.557156219999999
3979,106.73396052000001,-6.557015820000001
3980,106.73396278,-6.55715298
3981,106.73395118,-6.557153559999999
3982,106.73395066,-6.557160900000001
3983,106.73396178,-6.55719434
3984,106.73396143999999,-6.55719388
3985,106.73393222,-6.557194839999999
3986,106.73393644000001,-6.55719354
3987,106.73393452,-6.557201340000001
3988,106.73393370000001,-6.5572082
3989,106.73393538,-6.5571983000000005
3990,106.7339344,-6.55720484
3991,106.73393579999997,-6.557210979999999
3992,106.73393394,-6.557214480000001
3993,106.73393579999997,-6.557210400000001
3994,106.73393521999999,-6.55721636
3995,106.73393347999999,-6.55721278
3996,106.73393337999998,-6.55721264
3997,106.73393533999999,-6.557214159999999
3998,106.73393672,-6.55721178
3999,106.73393394,-6.5572154
4000,106.73393466,-6.557212399999999
4001,106.73393791999999,-6.55721212
4002,106.73393362000002,-6.5572148
4003,106.73393542000001,-6.55720802
4004,106.73393736,-6.557214499999999
4005,106.73393556,-6.55721482
4006,106.73393824,-6.55721864
4007,106.73393742,-6.557213900000001
4008,106.73393449999999,-6.55721266
4009,106.7339358,-6.557216700000001
4010,106.73393449999999,-6.55721482
4011,106.73393464,-6.557211419999999
4012,106.73393519999999,-6.55720802
4013,106.73393370000001,-6.5572113000000005
4014,106.73393802000001,-6.55721212
4015,106.73393486,-6.55720824
4016,106.73393999999999,-6.55720922
4017,106.7339391,-6.5572097
4018,106.73393644000001,-6.5572101400000005
4019,106.73393876,-6.557205079999998
4020,106.73393523999998,-6.557212539999999
4021,106.73394060000001,-6.5572092600000005
4022,106.73393684,-6.5572079400000005
4023,106.73393854000001,-6.5572108600000005
4024,106.73393848,-6.557210360000001
4025,106.73393684,-6.55720324
4026,106.73393673999999,-6.557210240000001
4027,106.73393268,-6.55721048
4028,106.73394452000002,-6.557204660000001
4029,106.73393084,-6.557209220000002
4030,106.7339332,-6.557212240000001
4031,106.73394638000002,-6.55720218
4032,106.73394637999999,-6.55720218
4033,106.73394464,-6.557208240000001
4034,106.7339391,-6.557207440000002
4035,106.7339391,-6.55720218
4036,106.73394637999999,-6.55720742
4037,106.7339391,-6.557200280000001
4038,106.73394637999999,-6.557206280000001
4039,106.73393698,-6.557206600000001
4040,106.73393584,-6.557207840000001
4041,106.73393698,-6.55720218
4042,106.73393832,-6.557205380000001
4043,106.73393698,-6.557200019999999
4044,106.7339391,-6.55719794
4045,106.73393773999999,-6.55720096
4046,106.73393832,-6.55720378
4047,106.73393986,-6.55720096
4048,106.73393906000001,-6.55720402
4049,106.73393805999999,-6.55719794
4050,106.73393774000002,-6.557201959999999
4051,106.73393832,-6.55719674
4052,106.73393832,-6.557201160000001
4053,106.73393584,-6.557198980000001
4054,106.73393905999998,-6.55719572
4055,106.73393662000001,-6.55719806
4056,106.73393868000001,-6.557205999999999
4057,106.73393942,-6.5572054600000005
4058,106.73394022,-6.557202620000001
4059,106.73394022,-6.557208820000001
4060,106.7339409,-6.557205999999999
4061,106.73394163999998,-6.557202620000001
4062,106.73394163999998,-6.557202479999999
4063,106.73394006000001,-6.557201760000001
4064,106.73394006000001,-6.55720656
4065,106.73393034,-6.55720656
4066,106.73394002,-6.55720656
4067,106.73393682000001,-6.557205779999999
4068,106.73394006000001,-6.557203939999999
4069,106.73394144000001,-6.557205640000001
4070,106.7339397,-6.557205779999999
4071,106.73393934,-6.557205779999999
4072,106.73394144,-6.55721426
4073,106.73394164000001,-6.557211020000001
4074,106.73394006000001,-6.55721132
4075,106.73394006000001,-6.5572054600000005
4076,106.73394006000001,-6.55721336
4077,106.73394144,-6.557213280000001
4078,106.73394128,-6.557213
4079,106.73393172000002,-6.557223640000001
4080,106.73393315999999,-6.55721082
4081,106.73393236000001,-6.557213280000001
4082,106.73393251999998,-6.55720854
4083,106.73393646,-6.5572124
4084,106.73393652,-6.55721082
4516,106.73423362000001,-6.557451579999999
4517,106.73423604,-6.55745278
4518,106.73423554000001,-6.557451400000001
4519,106.73423814,-6.55745278
4520,106.7342327,-6.557451499999999
4521,106.73423557999999,-6.55745074
4522,106.73423485999999,-6.55745278
4523,106.73423608,-6.55745134
4524,106.73423352,-6.55745096
4525,106.73422934,-6.557452639999999
4526,106.73422934,-6.557451320000001
4527,106.73423352,-6.5574522
4528,106.73423720000001,-6.5574499
4529,106.73423464,-6.5574523
4530,106.73423720000001,-6.55745254
4531,106.73423572000002,-6.55745288
4532,106.7342367,-6.5574554
4533,106.7342367,-6.557457479999999
4534,106.73423862,-6.557452119999999
4535,106.73423771999998,-6.557453159999999
4536,106.73423798000002,-6.557451359999999
4537,106.73423814,-6.557456459999999
4538,106.73423824,-6.55745704
4539,106.73423134,-6.55740998
4540,106.7342392,-6.55737382
4541,106.73423036,-6.557398619999999
4542,106.73421968,-6.557401199999999
4543,106.73423491999999,-6.55737422
4544,106.7342296,-6.557369820000001
4545,106.7342345,-6.557371519999999
4546,106.7342334,-6.55730068
4547,106.73422604,-6.55731926
4548,106.73423075999999,-6.557317960000001
4549,106.73422955999999,-6.55734668
4550,106.73422803999999,-6.5573908
4551,106.73421968,-6.55738226
4552,106.73421396,-6.557412240000001
4553,106.73421479999999,-6.55738226
4554,106.73421567999999,-6.557371519999999
4555,106.73420424000001,-6.5573948799999995
4556,106.73420408000001,-6.55736784
4557,106.73420978000001,-6.55736472
4558,106.73421374000002,-6.557335499999999
4559,106.73421402,-6.557351740000001
4560,106.73420226,-6.55733094
4561,106.73420634000001,-6.557317960000001
4562,106.73420408,-6.557326979999999
4563,106.73420798,-6.557304060000002
4564,106.73421462000002,-6.55729112
4565,106.73423044,-6.55728354
4566,106.7342334,-6.55725978
4567,106.73421479999999,-6.55721944
4568,106.73420618,-6.557244320000001
4569,106.73412158,-6.55722284
4570,106.73423568000001,-6.55716394
4571,106.7342345,-6.55717418
4572,106.73421948000001,-6.557165900000001
4573,106.73423240000002,-6.557167939999999
4574,106.73422697999999,-6.557165900000001
4575,106.73423288000001,-6.5571634
4576,106.73422782,-6.55707982
4577,106.73423104000001,-6.5570737800000005
4578,106.7342318,-6.557066280000001
4579,106.73422754,-6.557073580000001
4580,106.7342259,-6.5570677
4581,106.73420298,-6.557112120000001
4582,106.73420091999999,-6.557132080000001
4583,106.73422545999999,-6.557063500000001
4584,106.73422618,-6.55706402
4585,106.73422492,-6.55706768
4586,106.73422091999998,-6.55706452
4587,106.73422458,-6.55706402
4588,106.73422618,-6.557066860000001
4589,106.73422023999998,-6.55706404
4590,106.7342377,-6.557056580000001
4591,106.73422506,-6.557053020000001
4592,106.73423989999999,-6.55705758
4593,106.73423914,-6.55705758
4594,106.73422805999999,-6.55703098
4595,106.73423561999998,-6.55703098
4596,106.73423903999999,-6.557026359999999
4597,106.73423716000002,-6.55704242
4598,106.73423994,-6.557036399999999
4599,106.73423872000001,-6.55702864
4600,106.73423982,-6.55700396
4601,106.73424001999999,-6.557011020000002
4602,106.73423729999999,-6.55699484
4603,106.73423840000001,-6.556983100000001
4604,106.73423982,-6.556963999999999
4605,106.73424242000002,-6.556954
4606,106.73424317999999,-6.5569599400000005
4607,106.73424158,-6.556961199999999
4608,106.73423869999999,-6.556961199999999
4609,106.73423869999999,-6.55692866
4610,106.73423928000003,-6.556940280000001
4611,106.73423690000001,-6.556928620000001
4612,106.73423921999999,-6.556913880000001
4613,106.73424107999999,-6.556913639999999
4614,106.73423870000002,-6.55691278
4615,106.73423948,-6.556912299999999
4616,106.73424069999999,-6.5569137
4617,106.73423998000001,-6.556913519999999
4618,106.73424192,-6.556913519999999
4619,106.73424035999999,-6.5569141800000015
4620,106.73423828,-6.556913660000001
4621,106.73424021999999,-6.55691386
4622,106.73423966,-6.55691422
4623,106.73424166,-6.556913059999999
4624,106.73423848,-6.5569152200000005
4625,106.73423899999997,-6.55691304
4626,106.73424092,-6.556913300000001
4627,106.73424132,-6.55691298
4628,106.73423998000001,-6.55691276
4629,106.73423908,-6.55691338
4630,106.73423972,-6.55691496
4631,106.734239,-6.55691322
4632,106.7342392,-6.55691276
4633,106.73423518,-6.556913300000001
4634,106.73423371999999,-6.55691276
4635,106.73423718,-6.556913420000001
4636,106.73422924000002,-6.556937899999999
4637,106.7342334,-6.556933260000001
4638,106.73423688,-6.556940280000001
4639,106.73423718,-6.55691468
4640,106.73423806000001,-6.5569144800000005
4641,106.73418374,-6.556933259999999
4642,106.73418944,-6.5569361399999995
4643,106.73415116000001,-6.5569342399999995
4644,106.73414896,-6.55693962
4645,106.73410299999998,-6.55693494
4646,106.73407272,-6.556941419999999
4647,106.73407969999998,-6.556929860000001
4648,106.73408332000001,-6.55693892
4649,106.73407549999999,-6.55693892
4650,106.73407259999999,-6.55693002
4651,106.73407532000002,-6.556957819999999
4652,106.73407524,-6.5569283800000004
4653,106.73407868,-6.556928620000001
4654,106.73408428,-6.55692846
4655,106.73408236,-6.556925079999999
4656,106.73408236,-6.556932259999999
4657,106.73407545999999,-6.55693746
4658,106.73407244,-6.55693314
4659,106.73407387999998,-6.556933859999999
4660,106.7340748,-6.556924760000001
4661,106.7340676,-6.55691492
4662,106.73405027999999,-6.55696844
4663,106.73407892,-6.557071120000001
4664,106.73406020000002,-6.55707904
4665,106.73410587999999,-6.55707904
4666,106.73412660000001,-6.557081479999999
4667,106.73413058000001,-6.557080340000001
4668,106.73414106,-6.55710408
4669,106.73414928,-6.5570997
4670,106.73413034000001,-6.55710698
4671,106.73408442,-6.557114139999999
4672,106.73408408,-6.55711546
4673,106.73408428,-6.55711172
4674,106.73408400000001,-6.5571041800000005
4675,106.73408406000001,-6.55710758
4676,106.73408406000001,-6.557109679999999
4677,106.73408406000001,-6.55710746
4678,106.73408406000001,-6.55710932
4679,106.73408398000001,-6.557112799999999
4680,106.73408398000001,-6.55710758
4681,106.73408392000002,-6.557108439999999
4682,106.73408406000001,-6.55711436
4683,106.73408392000002,-6.55710584
4684,106.73408392000002,-6.55710704
4685,106.7340839,-6.55711018
4686,106.7340839,-6.5571095999999995
4687,106.7340839,-6.557110059999999
4688,106.73408392000002,-6.5571095
4689,106.73408398000001,-6.55711172
4690,106.73408392000002,-6.55711172
4691,106.73408392000002,-6.5571157
4692,106.73408392000002,-6.557140360000001
4693,106.73408392000002,-6.557139760000001
4694,106.7340839,-6.557128179999999
4695,106.73406888000002,-6.5571399
4696,106.73407006,-6.557134020000001
4697,106.73403162000002,-6.55713528
4698,106.73403162,-6.557136160000001
4699,106.73404110000001,-6.557130160000002
4700,106.73401634000001,-6.557130160000002
4701,106.73403162,-6.557167340000001
4702,106.7340503,-6.557165980000001
4703,106.7339702,-6.557169
4704,106.7339702,-6.557169
4705,106.7339575,-6.557159320000001
4706,106.73396843999998,-6.557165980000001
4707,106.73396418,-6.557164439999999
4708,106.73397419999999,-6.55718234
4709,106.73394843999999,-6.55718346
4710,106.73396404,-6.557186520000002
4711,106.73395894000001,-6.557168419999999
4712,106.73396410000001,-6.557171340000001
4713,106.73396232,-6.557172339999999
4714,106.73396388,-6.55716912
4715,106.73396410000001,-6.5571749000000015
4716,106.73396419999999,-6.55717754
4717,106.73395708000001,-6.5571723
4718,106.73395708000001,-6.55715596
4719,106.73394776,-6.5571630999999995
4720,106.73394762000001,-6.55718884
4721,106.73396548000001,-6.5571996200000005
4722,106.73396319999999,-6.557208779999999
4723,106.73396168,-6.55720742
4724,106.73395504,-6.55721286
4725,106.73395111999999,-6.5572136599999995
4726,106.73394548000002,-6.5572146799999995
4727,106.73395844,-6.55720992
4728,106.73394681999999,-6.557071680000002
4729,106.73396488,-6.55703048
4730,106.7339653,-6.556999479999999
4731,106.73399038000002,-6.55713076
4732,106.73399122000001,-6.556984740000002
4733,106.73398504000002,-6.556978119999999
4734,106.73399179999998,-6.556984600000002
4735,106.73398606,-6.556986820000001
4736,106.73399085999999,-6.556986820000001
4737,106.73399427999998,-6.556983860000001
4738,106.73398516000002,-6.556962899999999
4739,106.73398368000001,-6.556974400000001
4740,106.73398776000002,-6.55697724
4741,106.73398256,-6.55697584
4742,106.73398172,-6.5569637
4743,106.73399122000001,-6.5569796600000005
4744,106.73398978000003,-6.55698048
4745,106.73398214,-6.55696576
4746,106.73396681999998,-6.55696084
4747,106.73398448,-6.55698194
4748,106.73398545999999,-6.55701136
4749,106.73396594,-6.557015300000001
4750,106.73395504,-6.5570132999999995
4751,106.73397378,-6.557026760000001
4752,106.73397170000001,-6.557026759999999
4753,106.73397331999999,-6.55701548
4754,106.73393619999999,-6.557026899999999
4755,106.73393370000001,-6.557030559999999
4756,106.73393156,-6.557027860000001
4757,106.73397756,-6.55702024
4758,106.73396227999999,-6.55701952
4759,106.73396218,-6.557014480000001
4760,106.73396408,-6.5570177
4761,106.73396398,-6.557026900000001
4762,106.73392982000003,-6.55707672
4763,106.73393729999998,-6.55720022
4764,106.73395018000001,-6.557194
4765,106.73394576000001,-6.55719274
4766,106.73393556,-6.55718416
4767,106.73393264,-6.55719694
4768,106.73393375999999,-6.55719262
4769,106.73393203999998,-6.55719694
4770,106.73393375999999,-6.557201959999999
4771,106.73393133999998,-6.55719634
4772,106.73393347999999,-6.5571923
4773,106.73393254,-6.557201000000001
4774,106.73393328,-6.5571991800000005
4775,106.73393347999999,-6.55719768
4776,106.73393317999998,-6.55720484
4777,106.73393375999999,-6.55720534
4778,106.73393309999999,-6.557211120000001
4779,106.73393317999998,-6.557206600000001
4780,106.73393415999999,-6.5572019
4781,106.73393326,-6.55720988
4782,106.73393317999998,-6.557206600000001
4783,106.73393287999997,-6.55720022
4784,106.73393472000001,-6.55720596
4785,106.73393433999999,-6.55719572
4786,106.73393395999999,-6.557193860000001
4787,106.73393472000001,-6.557198980000001
4788,106.73393442,-6.557208820000001
4789,106.73393433999999,-6.557201539999999
4790,106.73393044,-6.55719898
4791,106.73392974000001,-6.557204399999999
4792,106.73393433999999,-6.557197820000001
4793,106.73393433999999,-6.55719898
4794,106.73393186000001,-6.557208820000001
4795,106.73393068,-6.557197820000001
4796,106.73393519999999,-6.557204720000001
4797,106.73393519999999,-6.5572092600000005
4798,106.73393384,-6.5572118
4799,106.73393374,-6.5572118
4800,106.73393662000001,-6.55721168
4801,106.73393610000001,-6.5572118
4802,106.7339345,-6.557211
4803,106.73393074,-6.557211
4804,106.73393074,-6.55721102
4805,106.73392848,-6.557211
4806,106.73393074,-6.557211019999999
4807,106.73393074,-6.5572114599999995
4808,106.73393281999999,-6.557211319999999
4809,106.7339345,-6.55721102
4810,106.73393022,-6.55721106
4811,106.73393098000001,-6.557210979999999
4812,106.73393098000001,-6.557211
4813,106.73393074,-6.55719898
4814,106.73393098000001,-6.557198
4815,106.73393098000001,-6.557198
4816,106.73393074,-6.55719148
4817,106.73394262000002,-6.557198
4818,106.73394246000001,-6.557198
4819,106.73392706,-6.557201940000001
4820,106.73392487999999,-6.55719986
4821,106.73394,-6.55719866
4822,106.7339332,-6.557201459999999
4823,106.73392666,-6.557201019999999
4824,106.73392624,-6.5571974
4825,106.73392624,-6.55719718
4826,106.73392624,-6.55719924
4827,106.73393188,-6.557201760000001
4828,106.73392814000002,-6.557200900000001
4829,106.73393144000002,-6.5571999000000005
4830,106.73393144000002,-6.5571974
4831,106.73393317999998,-6.557202800000001
4832,106.73393318000001,-6.557198220000001
4833,106.73393292,-6.557199899999999
4834,106.73393404000001,-6.557198
4835,106.73393317999998,-6.557198
4836,106.73393403999998,-6.557202800000001
4837,106.73393398,-6.55720322
4838,106.73393198000001,-6.557202800000001
4839,106.73393326,-6.5571999000000005
4840,106.73393202,-6.55720164
4841,106.73393064000001,-6.55720356
4842,106.73393398,-6.55720536
4843,106.73393068,-6.557203339999999
4844,106.73393198000001,-6.557198959999999
4845,106.73393198000001,-6.557198959999999
4846,106.73393202,-6.557203339999999
4847,106.73393202,-6.557203339999999
4848,106.73393068,-6.557191759999999
4849,106.73393103999999,-6.557198959999999
4850,106.73393074,-6.557198959999999
4851,106.73393125999999,-6.557203339999999
4852,106.73393103999999,-6.557203339999999
4853,106.7339327,-6.55719514
4854,106.7339327,-6.5571926000000005
4855,106.73393103999999,-6.5571983000000005
4856,106.73393134,-6.557198959999999
4857,106.73393064,-6.5571926000000005
4858,106.73392868,-6.5571926000000005
4859,106.73393275999999,-6.5571926000000005
4860,106.73392854000001,-6.55719296
4861,106.73393180000001,-6.557202340000001
4862,106.73392988,-6.5571926000000005
4863,106.73392768000001,-6.5571926000000005
4864,106.73392926000001,-6.5571926000000005
4865,106.73393189999999,-6.5571926000000005
4866,106.73392257999998,-6.55720584
4867,106.73392606,-6.5572057599999996
4868,106.73393033999999,-6.55720536
4869,106.73393210000002,-6.55720228
4870,106.73393008000001,-6.55720424
4871,106.73393231999998,-6.557208640000001
4872,106.73393232000001,-6.557208640000001
4873,106.73393059999998,-6.55719296
4874,106.73393216,-6.55719296
4875,106.73392604,-6.55719296
5161,106.73380850000001,-6.557331959999999
5162,106.73380850000001,-6.55732716
5163,106.73382654,-6.557327160000002
5164,106.73387092,-6.557327160000002
5165,106.73387571999999,-6.557331959999999
5166,106.73385275999999,-6.557331959999999
5167,106.73386216000002,-6.557364100000001
5168,106.73385416,-6.557359700000001
5169,106.73386860000001,-6.557331959999999
5170,106.73386212,-6.557329440000001
5171,106.73388400000002,-6.557420239999999
5172,106.73388677999999,-6.557415059999999
5173,106.73390118,-6.557416140000001
5174,106.73392516000001,-6.55741662
5175,106.73392451999999,-6.557411439999998
5176,106.73392476,-6.557417460000001
5177,106.73395081999999,-6.55742844
5178,106.73392383999999,-6.55742844
5179,106.73392383999999,-6.55742844
5180,106.73392489999999,-6.55742362
5181,106.73392841999998,-6.557421639999999
5182,106.73396982,-6.5574274
5183,106.73397874,-6.55742844
5184,106.73396896,-6.557417979999999
5185,106.73400669999998,-6.557422
5186,106.73403693999998,-6.55742492
5187,106.73404778,-6.5574403199999995
5188,106.73400180000002,-6.557422
5189,106.73402312,-6.5574185599999995
5190,106.73403002000002,-6.557367600000001
5191,106.73402798,-6.5573553800000015
5192,106.73403379999999,-6.55734514
5193,106.73407792,-6.557417859999999
5194,106.73403338,-6.557415079999998
5195,106.73403338,-6.557423439999999
5196,106.73403338,-6.557390440000001
5197,106.73404022000003,-6.557393160000001
5198,106.73403338,-6.557409939999999
5199,106.73404022,-6.557404780000001
5200,106.73403134000003,-6.55731014
5201,106.73404022,-6.557282520000001
5202,106.73404022000003,-6.5572951
5203,106.73404022000003,-6.55725762
5204,106.73404022000003,-6.557257619999999
5205,106.73405474,-6.557257619999999
5206,106.73406751999998,-6.557340120000001
5207,106.73406207999999,-6.557245119999999
5208,106.73406966,-6.557336340000001
5209,106.73407234000001,-6.557317139999999
5210,106.73411676,-6.557348500000001
5211,106.73417377999999,-6.55724512
5212,106.73421454000001,-6.55721662
5213,106.73417534000001,-6.55726244
5214,106.73417617999999,-6.5573389
5215,106.73416993999999,-6.557300679999999
5216,106.73417617999999,-6.55718938
5217,106.73417638000001,-6.557185760000001
5218,106.73417377999999,-6.557198
5219,106.73417638000001,-6.5571901
5220,106.73418627999999,-6.557182020000001
5221,106.73416848000002,-6.55719394
5222,106.7341729,-6.55716468
5223,106.73412348,-6.55715536
5224,106.73415842,-6.557176460000001
5225,106.73417841999999,-6.557175840000001
5226,106.73417862000001,-6.557156000000001
5227,106.73418738000001,-6.5571557799999995
5228,106.73419378000001,-6.557154500000001
5229,106.73418905999999,-6.5571565199999995
5230,106.73420692000002,-6.557150279999999
5231,106.73421296,-6.557154680000001
5232,106.73420691999999,-6.557156900000001
5233,106.7342134,-6.55715526
5234,106.73421066,-6.557155739999999
5235,106.73421864,-6.55715558
5236,106.73420325999999,-6.55715298
5237,106.73421417999998,-6.557151040000001
5238,106.7341878,-6.5571437
5239,106.73422348,-6.557147760000001
5240,106.73422273999999,-6.5571440800000005
5241,106.73423266,-6.557154659999999
5242,106.73423166,-6.557153240000001
5243,106.73422760000001,-6.557152620000001
5244,106.73423166,-6.55715604
5245,106.73423883999999,-6.55715606
5246,106.73423982,-6.557163340000001
5247,106.73423857999998,-6.557167
5248,106.73423166,-6.55715524
5249,106.73423410000001,-6.557155540000001
5250,106.73422685999999,-6.557155
5251,106.73423286000002,-6.557152500000001
5252,106.73423215999999,-6.5571553599999985
5253,106.73423113999999,-6.557155740000001
5254,106.73422946000001,-6.55714816
5255,106.73423908,-6.557142399999999
5256,106.73423722,-6.557145019999998
5257,106.73423543999999,-6.557141679999999
5258,106.73423956000002,-6.55714476
5259,106.73423801999999,-6.5571415
5260,106.73422023999998,-6.557144679999999
5261,106.73422418,-6.5571473
5262,106.73423064,-6.557145019999998
5263,106.7342318,-6.5571466
5264,106.73422348,-6.55713766
5265,106.73421963999999,-6.5571440800000005
5266,106.73421321999999,-6.557154460000001
5267,106.73421619999999,-6.557156539999999
5268,106.73422215999999,-6.557154220000001
5269,106.73422760000001,-6.55718816
5270,106.73420824,-6.557175420000002
5271,106.73420088,-6.55717832
5272,106.7341997,-6.55718816
5273,106.7342164,-6.557184080000001
5274,106.73420748000001,-6.55718346
5275,106.73418892,-6.557181439999999
5276,106.73419872,-6.557177639999999
5277,106.73418824000001,-6.557182640000001
5278,106.73418746,-6.55718212
5279,106.73418552000001,-6.557182640000001
5280,106.73419573999999,-6.557183219999999
5281,106.73419523999999,-6.557183279999999
5282,106.7341921,-6.557183220000001
5283,106.73419138,-6.557185
5284,106.73420837999997,-6.55718346
5285,106.73421560000001,-6.557182640000001
5286,106.73422553999998,-6.557188160000001
5287,106.73421677999997,-6.557171540000001
5288,106.73420675999998,-6.55717202
5289,106.73420736,-6.557179
5290,106.73421995999999,-6.5571819399999995
5291,106.73419573999999,-6.557183219999999
5292,106.73419138,-6.557177299999999
5293,106.73418389999999,-6.557178619999999
5294,106.73420315999999,-6.557178899999999
5295,106.73418932,-6.557183280000001
5296,106.73418265999999,-6.557182999999999
5297,106.73418359999998,-6.557182500000001
5298,106.7341868,-6.557140240000001
5299,106.7341973,-6.557152159999999
5300,106.73420735999998,-6.5571392
5301,106.73420103999999,-6.557150099999999
5302,106.7341973,-6.55715684
5303,106.73416738,-6.557179959999999
5304,106.73415565999998,-6.55718
5305,106.73416906000003,-6.5571794400000005
5306,106.73417436,-6.557151019999999
5307,106.73415598,-6.55716996
5308,106.73416892,-6.55717358
5309,106.73416082000001,-6.557166499999999
5310,106.73417972000001,-6.557159779999999
5311,106.7341748,-6.55715744
5312,106.73417528,-6.557154
5313,106.73415600000001,-6.5571528400000005
5314,106.73416092,-6.557162600000001
5315,106.73415564,-6.5571581000000005
5316,106.73416194,-6.557160779999999
5317,106.73415949999999,-6.5571557
5318,106.73417078,-6.5571551999999995
5319,106.73414233999999,-6.55716732
5320,106.73413196000001,-6.55715744
5321,106.73413404,-6.5571547
5322,106.73413143999998,-6.557164800000001
5323,106.73414226,-6.557155679999999
5324,106.73413834,-6.55715744
5325,106.73412284000001,-6.557157999999999
5326,106.73413882,-6.557159779999999
5327,106.73413458,-6.557160779999999
5328,106.73413458,-6.5571557
5329,106.73414038000001,-6.55715624
5330,106.73413124000001,-6.55716326
5331,106.73413707999998,-6.5571645400000005
5332,106.73411278,-6.55715996
5333,106.73412257999999,-6.557172420000001
5334,106.73412330000001,-6.557168819999999
5335,106.73409776000001,-6.557164800000001
5336,106.73409947999998,-6.55715956
5337,106.73409224,-6.55717262
5338,106.73406812000003,-6.55717262
5339,106.73405110000002,-6.557151320000001
5340,106.73408119999999,-6.557178860000002
5341,106.73408938,-6.55718102
5342,106.73409164,-6.557172960000001
5343,106.73410496,-6.5571837
5344,106.73414782,-6.5571999000000005
5345,106.73409039999999,-6.5572026999999995
5346,106.73407482,-6.5571883799999995
5347,106.73410163999999,-6.55715764
5348,106.73407164,-6.55719512
5349,106.73407514,-6.557184819999999
5350,106.73409092,-6.55717322
5351,106.73408558000001,-6.55717198
5352,106.73408950000001,-6.557177780000001
5353,106.7341041,-6.5571746399999995
5354,106.73409144000001,-6.5571772999999975
5355,106.73409013999999,-6.557173099999998
5356,106.73416970000001,-6.557183459999999
5357,106.73420143999999,-6.557183139999999
5358,106.73421144,-6.55718234
5359,106.73420807999999,-6.557180419999999
5360,106.73420117999999,-6.557182540000001
5361,106.734207,-6.55718384
5362,106.7341551,-6.55718102
5363,106.73415786000001,-6.55717832
5364,106.73414543999999,-6.55718034
5365,106.73412374,-6.557183360000001
5366,106.73408729999998,-6.55718386
5367,106.73406594000001,-6.5571751
5368,106.73406136000001,-6.5571844
5369,106.73404974,-6.55718716
5370,106.73403684,-6.5571857599999985
5371,106.73403506,-6.557187339999999
5372,106.73401707999999,-6.557185939999999
5373,106.73400392,-6.55720106
5374,106.73401707999999,-6.557199080000001
5375,106.73404067999999,-6.5572017800000015
5376,106.7340567,-6.55720192
5377,106.73405750000002,-6.55719946
5378,106.73404187999999,-6.557185000000001
5379,106.73404676000003,-6.557175860000001
5380,106.73404396000001,-6.55718384
5381,106.73402028000001,-6.557183
5382,106.73401906,-6.557165619999999
5383,106.73400068000001,-6.55721054
5384,106.73397736,-6.55718416
5385,106.73402794,-6.55720596
5386,106.73397359999998,-6.55730636
5387,106.73401598000001,-6.557262879999999
5388,106.7339905,-6.557186799999999
5389,106.73400333999999,-6.55719334
5390,106.73399142000001,-6.55719378
5391,106.73399878000001,-6.55718988
5392,106.73399051999999,-6.557292319999999
5393,106.73398382,-6.557307399999999
5394,106.73399292000002,-6.557318180000001
5395,106.73398388000001,-6.557307280000001
5396,106.73398563999999,-6.55719302
5397,106.73398637999999,-6.557189079999999
5398,106.73398793999999,-6.557189079999999
5399,106.73398254000001,-6.55728354
5400,106.73399594,-6.557312640000001
5401,106.73398637999999,-6.5573063000000005
5402,106.73399820000002,-6.5573092200000005
5403,106.73400441999999,-6.5572
5404,106.73401598000001,-6.5571983000000005
5405,106.7340127,-6.557193359999999
5406,106.73401236,-6.557190319999999
5407,106.73401236,-6.5571939200000005
5408,106.73401859999998,-6.557194439999999
5409,106.73401762,-6.557185080000001
5410,106.7340225,-6.557193699999999
5411,106.7340183,-6.55719308
5412,106.73401782,-6.557185080000001
5413,106.73402068,-6.55718708
5414,106.73401962,-6.557185100000001
5415,106.73401799999999,-6.55718938
5416,106.73400806000002,-6.55718888
5417,106.7340103,-6.55718888
5418,106.73399767999999,-6.5571968599999995
5419,106.73399767999999,-6.55719866
5420,106.7339962,-6.55719806
5421,106.73400072000001,-6.557198359999999
5422,106.734002,-6.55719064
5423,106.73400076,-6.55718576
5424,106.73400444,-6.55719302
5425,106.73401012,-6.557191059999999
5426,106.73401658,-6.557183960000001
5427,106.7340161,-6.55719898
5428,106.73401386,-6.55719008
5429,106.73401236,-6.557180720000001
5430,106.73400939999999,-6.557182
5431,106.73401696,-6.55727578
5432,106.73401332,-6.557197099999999
5433,106.73401658,-6.55719766
5434,106.73401996,-6.557277879999999
5435,106.73401996,-6.5571999000000005
5436,106.73401042,-6.557199819999999
5437,106.7340103,-6.557199819999999
5438,106.73401962,-6.5571974
5439,106.73402060000001,-6.557196139999999
5440,106.7340103,-6.55719924
5441,106.7340126,-6.557201539999999
5442,106.73400592,-6.5572000599999996
5443,106.73400518000001,-6.55719486
5444,106.7340126,-6.55719744
5445,106.7340085,-6.55719394
5446,106.7340128,-6.557205680000001
5447,106.73400819999999,-6.557205680000001
5448,106.73400912,-6.55718922
5449,106.73401496000001,-6.55719898
5450,106.73402396000002,-6.55720032
5451,106.7340194,-6.557214280000001
5452,106.7340169,-6.55720032
5453,106.73401552,-6.5571974
5454,106.7340169,-6.5571945
5455,106.73401658,-6.55719486
5456,106.73401848,-6.55719718
5457,106.73401496000001,-6.557198
5458,106.73401906,-6.55719898
5459,106.73402974000001,-6.55720032
5460,106.73402003999999,-6.557214280000001
5461,106.73401741999999,-6.557204539999999
5462,106.73401859999998,-6.557204780000001
5463,106.73401754,-6.55719876
5464,106.73401696,-6.5572147
5465,106.73402100000001,-6.5572157
5466,106.73401679999999,-6.557209739999999
5467,106.73400939999999,-6.5572000599999996
5468,106.73401696,-6.557198000000001
5469,106.73400939999999,-6.55720356
5470,106.73401258000001,-6.557199899999999
5471,106.73401738,-6.557196139999999
5472,106.73401738,-6.557198
5473,106.73401174,-6.5571999000000005
5474,106.73400260000001,-6.55719176
5475,106.73400260000001,-6.55720092
5476,106.73402278,-6.557203339999999
5477,106.73402278,-6.557195680000001
5478,106.73402278,-6.55718782
5479,106.73402143999999,-6.557198959999999
5480,106.73400425999998,-6.557201880000001
5481,106.73399742,-6.557203339999999
5482,106.73401246,-6.55721108
5483,106.73401496000001,-6.5572054600000005
5484,106.73401340000001,-6.557205779999999
5485,106.73401626,-6.55720544
5486,106.73402008000001,-6.55718656
5487,106.73402658,-6.557207459999999
5488,106.73402278,-6.5572084
5489,106.73403071999999,-6.557211440000001
5490,106.73403153999998,-6.55720304
5491,106.73402100000001,-6.55721128
5492,106.73402490000001,-6.557209760000001
5493,106.73403134000003,-6.55720534
5494,106.73404022000003,-6.55720776
5495,106.73404022000003,-6.557216319999999
5496,106.73404022000003,-6.55719454
5497,106.73401630000001,-6.55721418
5498,106.73400732,-6.5572238
6201,106.73405473999999,-6.5572237200000005
6202,106.73405474,-6.55722652
6203,106.73405102,-6.5572208000000005
6204,106.7340685,-6.557232919999999
6205,106.73403338,-6.557227499999999
6206,106.73404022000003,-6.557216740000001
6207,106.73403134,-6.5572147
6208,106.73403134,-6.55721504
6209,106.73403379999999,-6.55721284
6210,106.73403170000002,-6.5572128
6211,106.73403163999998,-6.557214480000001
6212,106.73403163999998,-6.557214400000001
6213,106.73403164000001,-6.557218420000001
6214,106.73403379999999,-6.557214099999999
6215,106.73403374,-6.557215340000001
6216,106.73403166,-6.55721718
6217,106.73403374,-6.5572133400000014
6218,106.73403374,-6.55721438
6219,106.73404625999999,-6.557210020000001
6220,106.73402805999999,-6.557217200000001
6221,106.73402818,-6.557217199999999
6222,106.73402812000002,-6.55721396
6223,106.73402791999999,-6.557217199999999
6224,106.73402805999999,-6.55721396
6225,106.73402828,-6.55722286
6226,106.73402818,-6.55722286
6227,106.73402818,-6.55721808
6228,106.73402824000001,-6.557217199999999
6229,106.73402818,-6.55721532
6230,106.73402773999999,-6.55721154
6231,106.73402747999998,-6.55720616
6232,106.73402747999998,-6.557187279999999
6233,106.73402762,-6.5571928
6234,106.73402754000001,-6.55720854
6235,106.73402740000002,-6.557210840000001
6236,106.73402740000002,-6.55720424
6237,106.73402734000001,-6.557210840000001
6238,106.73402744,-6.5572102
6239,106.73402744,-6.55720668
6240,106.73402747999998,-6.5572141
6241,106.7340279,-6.55722542
6242,106.73402822,-6.55721332
6243,106.73405102,-6.557215380000001
6244,106.73402808,-6.5572272400000005
6245,106.73402788000001,-6.55721724
6246,106.73402822,-6.55721604
6247,106.7340275,-6.55721724
6248,106.7340275,-6.55721736
6249,106.73405102,-6.5572149
6250,106.73404894000001,-6.55721126
6251,106.73402752000001,-6.5571864999999985
6252,106.73402824000001,-6.55721576
6253,106.73402824000001,-6.557215160000001
6254,106.7340277,-6.55721516
6255,106.73402816000001,-6.55721688
6256,106.73402822,-6.557215160000001
6257,106.73402802000001,-6.557215020000001
6258,106.73402784,-6.5572153
6259,106.73402798,-6.55721688
6260,106.73402774000002,-6.557215020000001
6261,106.73407746000001,-6.557212900000001
6262,106.73405670000002,-6.55721254
6263,106.73405670000002,-6.55721398
6264,106.73402747999998,-6.55721398
6265,106.73402746000002,-6.55721248
6266,106.73402746000002,-6.55721556
6267,106.73402740000002,-6.55721398
6268,106.73402740000002,-6.557217320000001
6269,106.73402736000003,-6.55722042
6270,106.73402735999998,-6.557220199999999
6271,106.73402734000001,-6.557219640000001
6272,106.73402736000003,-6.55722588
6273,106.73402822000003,-6.557214859999999
6274,106.73406966,-6.55721696
6275,106.73402798,-6.557217280000001
6276,106.73403564,-6.55721274
6277,106.73402788000001,-6.55721712
6278,106.73402822,-6.55721332
6279,106.73402828,-6.5572149
6280,106.73402747999998,-6.557216779999999
6281,106.73402746000002,-6.557216479999999
6282,106.73402754000001,-6.55721516
6283,106.73402734000001,-6.55722114
6284,106.73402734000001,-6.55722188
6285,106.73402753999999,-6.55721516
6286,106.73402734000001,-6.557221579999999
6287,106.73402741999999,-6.55722188
6288,106.73402754000001,-6.557217159999999
7545,106.73396262000001,-6.5571556
7546,106.73396285999999,-6.557150279999999
7547,106.73396513999998,-6.55715764
7548,106.73396600000001,-6.557153439999999
7549,106.73396466,-6.557153
7550,106.73396466,-6.557154339999999
7551,106.73396043999999,-6.5571612
7552,106.73396381999999,-6.557148440000001
7553,106.73396306,-6.557163840000001
7554,106.73396428000001,-6.557158939999999
7555,106.73396484,-6.557156939999999
7556,106.73396505999999,-6.557154659999999
7557,106.73396378,-6.55715512
7558,106.73396444,-6.55715424
7559,106.73396599999998,-6.557155900000001
7560,106.73396381999999,-6.55715592
7561,106.73396536,-6.55715384
7562,106.73396566,-6.55715544
7563,106.73396384,-6.5571547
7564,106.73396676000002,-6.5571535
7565,106.73396466000001,-6.55715298
7566,106.73396576,-6.55715598
7567,106.73396566000001,-6.55715226
7568,106.73396223999998,-6.557154339999999
7569,106.7339552,-6.557164660000001
7570,106.73396154,-6.557165960000001
7571,106.73396154,-6.55715668
8429,106.733773,-6.557027500000001
8430,106.73377531999999,-6.5570176
8431,106.73375180000001,-6.557159320000001
8432,106.73374142,-6.5571608
8433,106.73374084,-6.5572294000000015
8434,106.73373838,-6.557215699999999
8435,106.73373516000001,-6.557208960000001
8436,106.73373516,-6.55722202
8437,106.73373048,-6.55722904
8438,106.73373248,-6.5572572000000005
8439,106.73373283999999,-6.557260960000001
8440,106.73372975999999,-6.557256320000002
8441,106.733726,-6.55727682
8442,106.73372752,-6.55727636
8443,106.73372850000001,-6.55726926
8444,106.73372850000001,-6.55721286
8445,106.73373104,-6.5573048599999995
8446,106.73372476,-6.557300379999999
8447,106.73372068,-6.5572991400000005
8448,106.73372752,-6.557309399999999
8449,106.73372794000002,-6.55727704
8450,106.73372752,-6.55730444
8451,106.73372484000001,-6.55729876
8452,106.73372438000001,-6.557302559999999
8453,106.73372438000001,-6.557313779999999
8454,106.73372532,-6.5573107
8455,106.73372958,-6.5573107
8456,106.73372878,-6.557300240000001
8457,106.7337259,-6.557294860000001
8458,106.73373769999998,-6.557319520000002
8459,106.7337332,-6.55730636
8460,106.73374098,-6.5573200400000005
8461,106.73373782000002,-6.557322999999999
8462,106.73374066000001,-6.557307800000001
8463,106.73374968,-6.55731024
8464,106.73375294,-6.557325520000001
8465,106.73375328,-6.55732842
8466,106.73375592,-6.557329439999999
8467,106.73377642000003,-6.557341919999999
8468,106.73377594000002,-6.55733654
8469,106.73376470000001,-6.55736354
8470,106.73379130000001,-6.557338540000001
8471,106.73380094,-6.557343600000001
8472,106.7338009,-6.55734712
8473,106.73380540000001,-6.557348500000001
8474,106.73381188,-6.5573508
8475,106.73381129999999,-6.55734712
8476,106.73381374,-6.557325520000001
8477,106.73381834,-6.55733156
8478,106.73383908000001,-6.557360579999999
8479,106.7338397,-6.55741126
8480,106.73384057999999,-6.55741126
8481,106.73384016,-6.557407639999999
8482,106.73386342,-6.5574078799999995
8483,106.73386764,-6.5574027
8484,106.73387596,-6.557410720000002
8485,106.73385598,-6.55737202
8486,106.73386256,-6.55731552
8487,106.73386212,-6.55728568
8488,106.73389139999999,-6.557277879999999
8489,106.73393655999999,-6.557312919999999
8490,106.73393172000002,-6.55732276
8491,106.73392652,-6.557277879999999
8492,106.73393062,-6.55731018
8493,106.73392698,-6.55729738
8494,106.73393891999999,-6.557277879999999
8495,106.73393463999999,-6.55730176
8496,106.73396382000001,-6.557306460000001
8497,106.73396722,-6.5572963799999995
8498,106.73396313999999,-6.557277880000001
8499,106.73396461999998,-6.55727578
8500,106.73397076,-6.557307280000001
8501,106.73398122,-6.557284060000001
8502,106.73398048000001,-6.557277879999999
8503,106.73397698000001,-6.55727162
8504,106.73399514,-6.557196139999999
8505,106.73397179999999,-6.557262879999999
8506,106.73401398000001,-6.5572498999999995
8507,106.73400978,-6.557197919999998
8508,106.734029,-6.55729494
8509,106.73401398000001,-6.557200020000001
8510,106.73400446000001,-6.557200020000001
8511,106.73403330000001,-6.557261779999999
8512,106.73403374000002,-6.55720112
8513,106.73407096000001,-6.55730444
8514,106.73407872,-6.55725548
8515,106.73407524,-6.55727412
8516,106.73408514,-6.557257179999999
8517,106.73409028,-6.557218940000001
8518,106.73409142,-6.55723974
8519,106.73413762,-6.55723702
8520,106.73409980000001,-6.557224440000001
8521,106.73411676,-6.55722306
8522,106.734114,-6.55719386
8523,106.73414686000001,-6.557207500000001
8524,106.73414452,-6.557246359999999
8525,106.73413762,-6.5573032
8526,106.73417101999999,-6.55731932
8527,106.73414568000001,-6.557330779999999
8528,106.73422334,-6.557239440000001
8529,106.7342306,-6.55723336
8530,106.73423442,-6.55723762
8531,106.73423172,-6.55721736
8532,106.73422906,-6.557215260000001
8533,106.73422975999998,-6.5571907199999995
8534,106.73423611999999,-6.55720438
8535,106.73423156000001,-6.55721226
8536,106.73422906,-6.55720362
8537,106.73423697999999,-6.557212100000001
8538,106.73423743999999,-6.55721126
8539,106.73423932,-6.55721284
8540,106.73423556,-6.55721412
8541,106.73423743999999,-6.557216199999999
8542,106.73423779999999,-6.55721406
8543,106.73423471999999,-6.557216479999999
8544,106.73423774,-6.5572163
8545,106.73423797999999,-6.557226040000001
8546,106.73423734,-6.557215740000001
8547,106.734238,-6.55721686
8548,106.73424132,-6.557215719999999
8549,106.7342404,-6.5572136599999995
8550,106.73423904,-6.5572158599999995
8551,106.73423677999999,-6.557215600000001
8552,106.73423984000001,-6.5572130799999995
8553,106.73424112000001,-6.557211219999999
8554,106.73423322,-6.55721286
8555,106.73423994,-6.55718784
8556,106.7342376,-6.5571956600000005
8557,106.73424101999998,-6.55721252
8558,106.73423872000001,-6.55721262
8559,106.73423796,-6.55720734
8560,106.73424073999999,-6.55720728
8561,106.73424260000002,-6.557206720000001
8562,106.73423994,-6.557206720000001
8563,106.73424101999998,-6.557212160000001
8564,106.73424150000001,-6.55720776
8565,106.73424358,-6.55721262
8566,106.73424023999999,-6.5572175
8567,106.73423469999997,-6.557196159999999
8568,106.7342419,-6.557196500000001
8569,106.73424006,-6.557192540000001
8570,106.73424043999998,-6.55719002
8571,106.73423982,-6.55718978
8572,106.73424344,-6.557180539999999
8573,106.73424086,-6.5571711
8574,106.73423618,-6.5571667399999995
8575,106.73424382,-6.55715332
8576,106.73424077999998,-6.5571027399999995
8577,106.73424346000002,-6.55710274
8578,106.73424465999999,-6.5571063800000005
8579,106.73422718000002,-6.55710678
8580,106.73423280000002,-6.5571220000000014
8581,106.73423042000002,-6.557115179999999
8582,106.73423516,-6.5571123
8583,106.73423189999998,-6.557128120000002
8584,106.73421814000001,-6.557122
8585,106.73422178000001,-6.5571152
8586,106.73421498,-6.557122
8587,106.73422372,-6.557132500000002
8588,106.73422378000001,-6.55714016
8589,106.7342214,-6.557132340000001
8590,106.73422694000001,-6.557137120000002
8591,106.73422372,-6.55712802
8592,106.73421843999999,-6.557133980000001
8593,106.73421837999999,-6.55713064
8594,106.73421837999999,-6.55713064
8595,106.734223,-6.557136559999999
8596,106.73419048000001,-6.557154819999999
8597,106.73420592,-6.557109879999999
8598,106.73420134,-6.557094699999999
8599,106.73421468,-6.557139679999999
8600,106.73419116,-6.557112559999998
8601,106.73418551999998,-6.55707904
8602,106.73418443999999,-6.55707904
8603,106.73413406,-6.5570898
8604,106.73413272,-6.55710768
8605,106.73413124000001,-6.557106259999999
8606,106.73413758,-6.5571014000000005
8607,106.73412,-6.557096339999999
8608,106.73410648000001,-6.557101399999999
8609,106.73410548,-6.557106259999999
8610,106.73409536,-6.5571085799999995
8611,106.73409504000001,-6.557096339999999
8612,106.73410272000001,-6.557115259999999
8613,106.73409894,-6.5571085799999995
8614,106.73409494000002,-6.557106259999999
8615,106.73409391999999,-6.557106259999999
8616,106.73409588,-6.557106259999999
8617,106.73409471999999,-6.557109539999999
8618,106.73408703999999,-6.557101399999999
8619,106.73409913999998,-6.557101399999999
8620,106.73409238000002,-6.5571085799999995
8621,106.73408136,-6.5571085799999995
8622,106.73407184,-6.557109539999999
8623,106.73408866,-6.557115259999999
8624,106.73406626,-6.557115259999999
8625,106.7340786,-6.55710626
8626,106.7340586,-6.55710626
8627,106.7340586,-6.557106259999999
8628,106.7340549,-6.55710626
8629,106.7340621,-6.5571074
8630,106.73403862,-6.557110659999999
8631,106.73403160000001,-6.557113299999999
8632,106.73402872000001,-6.5571085799999995
8633,106.73401332,-6.557106259999999
8634,106.73400896000001,-6.557106259999999
8635,106.73402292,-6.55713334
8636,106.73401042,-6.557146080000001
8637,106.73400374,-6.55715624
8638,106.73403166,-6.557178899999999
8639,106.73405474,-6.557178899999999
8640,106.73407074000002,-6.557176800000001
8641,106.7340667,-6.557158599999999
8642,106.73407746000001,-6.5571389
8643,106.73407746000001,-6.55714906
8644,106.73407746000001,-6.5571391000000006
8645,106.73407746000001,-6.55714176
8646,106.7340824,-6.55711108
8647,106.73408744000001,-6.557129179999999
8648,106.73408744000001,-6.557129999999999
8649,106.73408744000001,-6.557111140000001
8650,106.7341169,-6.5571192400000005
8651,106.73408744000001,-6.55712618
8652,106.73408744000001,-6.55712618
8653,106.7340824,-6.557110879999999
8654,106.73408744000001,-6.557121579999999
8655,106.73408744000001,-6.557121579999999
8656,106.73407746000001,-6.55714006
8657,106.73407746000001,-6.55714176
8658,106.73407746000001,-6.557133239999999
8659,106.73407246,-6.557108919999999
8660,106.7340824,-6.557107739999999
8661,106.73408194000001,-6.557121020000001
8662,106.73402779999999,-6.5571309
8663,106.73402779999999,-6.55713064
8664,106.73402784,-6.55714694
8665,106.73396624,-6.557149260000001
8666,106.73396778000001,-6.557154200000001
8667,106.73396778000001,-6.557154940000001
8668,106.73396778000001,-6.55715902
8669,106.73396778000001,-6.557154939999999
8670,106.73396778000001,-6.55715682
8671,106.7339698,-6.5571602
8672,106.73396884000002,-6.557154880000001
8673,106.73396758000001,-6.557155900000001
8674,106.73396804,-6.55715532
8675,106.73397244,-6.557158580000001
8676,106.73397244,-6.557155740000001
8677,106.73397244,-6.557157400000001
8678,106.7339729,-6.55719222
8679,106.73397128000002,-6.557217680000001
8680,106.73397129999998,-6.557222980000001
8681,106.73394702,-6.55725376
8682,106.73394978000002,-6.5572427200000005
8683,106.7339592,-6.55723388
8684,106.73396120000002,-6.55723834
8685,106.7339698,-6.557235759999999
8686,106.73396910000001,-6.5572301600000005
8687,106.73397134000001,-6.5572301600000005
8688,106.73397132,-6.55722474
8689,106.73397134,-6.557230220000001
8690,106.73397129999998,-6.557227960000001
8691,106.73397158,-6.55722432
8692,106.73397130000001,-6.557226040000001
8693,106.73397138,-6.55722466
8694,106.73397015999998,-6.557229639999998
8695,106.73397098000001,-6.557229860000001
8696,106.73397134,-6.557227419999999
8697,106.73397138,-6.55722514
8698,106.73397114,-6.55722104
8699,106.73396648,-6.55723024
8700,106.73396456,-6.55722624
8701,106.73396456,-6.55722932
8702,106.73396410000001,-6.557227419999999
8703,106.73396456,-6.557231519999999
8704,106.73396410000001,-6.557242479999999
8705,106.73396774,-6.557244279999999
8706,106.7339656,-6.557244320000001
8707,106.73396738000001,-6.55724424
8708,106.73396456,-6.55724436
8709,106.73396774,-6.557217079999999
8710,106.73397124,-6.557230819999999
8711,106.73396410000001,-6.5572294
8712,106.73396862000001,-6.55722938
8713,106.73396738000001,-6.55721718
8714,106.73396774,-6.55722932
8715,106.73396738000001,-6.55721686
8716,106.73396862000001,-6.5572294000000015
8717,106.73396738000001,-6.55724436
8718,106.73396835999999,-6.55724788
8719,106.73396638,-6.557253840000001
8720,106.7339665,-6.55725376
8721,106.7339665,-6.55725376
8722,106.7339648,-6.5572563200000005
8723,106.73396771999998,-6.557242120000001
8724,106.73397093999999,-6.5572195
8725,106.73396759999999,-6.5572306
8726,106.73396662,-6.55722256
8727,106.73396771999998,-6.557213900000001
8728,106.73397044000001,-6.557212539999999
8729,106.73396942,-6.557213999999999
8730,106.73397035999999,-6.55722256
8731,106.73396838,-6.5572203799999995
8732,106.7339719,-6.55721542
8733,106.73397086,-6.55721452
8734,106.73396935999999,-6.55723708
8735,106.73397062000001,-6.557242239999999
8736,106.73397072,-6.5572191800000015
8737,106.73397083999998,-6.557219260000001
8738,106.7339719,-6.557218880000001
8739,106.73396870000002,-6.557242
8740,106.73397062,-6.5572414
8741,106.73397136000001,-6.557243360000001
8742,106.73397136000001,-6.557239340000001
8743,106.73397136000001,-6.5572326400000005
8744,106.73397072,-6.557221539999999
8745,106.73397098000001,-6.55721954
8746,106.73397296,-6.557210960000001
8747,106.73397234,-6.5572051
8748,106.73397082,-6.55720404
8749,106.73397348,-6.55720988
8750,106.73397192,-6.55721022
8751,106.73397408000001,-6.55720726
8752,106.73397035999999,-6.557219599999999
8753,106.73397035999999,-6.557221380000001
8754,106.73397206,-6.55720922
8755,106.73397265999999,-6.55721048
8756,106.73396896,-6.55722174
8757,106.73397059999999,-6.55721812
8758,106.73397342000001,-6.55721048
8759,106.73397476,-6.55722308
8760,106.73397461999998,-6.557223099999999
8761,106.73397224,-6.55721048
8762,106.73397546000001,-6.5572092600000005
8763,106.73397195999999,-6.557207320000001
8764,106.73396692000001,-6.557205740000001
8765,106.73397312,-6.557205740000001
8766,106.73397149999998,-6.557221180000001
8767,106.73396692000001,-6.557205779999999
8768,106.73397038,-6.5572057599999996
8769,106.73397326,-6.5572057599999996
8770,106.73397326,-6.5572057599999996
8771,106.73397169999998,-6.55722186
8772,106.73397004,-6.55722186
8773,106.73396948,-6.55722186
8774,106.73396199999999,-6.557221180000001
8775,106.73396815999999,-6.55722562
8776,106.73396262000001,-6.55721626
8777,106.73396487999999,-6.5572219
8778,106.73396299999999,-6.557223719999999
8779,106.73397298,-6.55722562
8780,106.73396371999999,-6.55722276
8781,106.73397087999999,-6.557226779999999
8782,106.73395668,-6.55722186
8783,106.73395178000001,-6.557226779999999
8784,106.73396152000001,-6.5572214
8785,106.73396606000001,-6.55721604
8786,106.73396728,-6.557211759999999
8787,106.7339593,-6.55722016
8788,106.73396326,-6.55722016
8789,106.73396192,-6.55722016
8790,106.7339751,-6.557214099999999
